state,district,year,rainfall_mm
Punjab,Ludhiana,2000,715.3
Punjab,Ludhiana,2001,722.8
Punjab,Ludhiana,2002,563.3
Punjab,Ludhiana,2003,729.0
Punjab,Ludhiana,2004,524.5
Punjab,Ludhiana,2005,660.2
Punjab,Ludhiana,2006,649.2
Punjab,Ludhiana,2007,608.3
Punjab,Ludhiana,2008,762.5
Punjab,Ludhiana,2009,667.5
Punjab,Ludhiana,2010,634.0
Punjab,Ludhiana,2011,555.3
Punjab,Ludhiana,2012,604.1
Punjab,Ludhiana,2013,546.3
Punjab,Ludhiana,2014,626.6
Punjab,Ludhiana,2015,578.2
Punjab,Ludhiana,2016,540.3
Punjab,Ludhiana,2017,748.8
Punjab,Ludhiana,2018,647.8
Punjab,Ludhiana,2019,609.6
Punjab,Ludhiana,2020,536.5
Punjab,Ludhiana,2021,538.0
Punjab,Ludhiana,2022,633.1
Punjab,Ludhiana,2023,706.6
Punjab,Amritsar,2000,667.9
Punjab,Amritsar,2001,582.3
Punjab,Amritsar,2002,738.4
Punjab,Amritsar,2003,644.8
Punjab,Amritsar,2004,802.9
Punjab,Amritsar,2005,471.9
Punjab,Amritsar,2006,661.3
Punjab,Amritsar,2007,533.2
Punjab,Amritsar,2008,672.1
Punjab,Amritsar,2009,693.5
Punjab,Amritsar,2010,572.6
Punjab,Amritsar,2011,538.8
Punjab,Amritsar,2012,545.2
Punjab,Amritsar,2013,562.7
Punjab,Amritsar,2014,445.0
Punjab,Amritsar,2015,696.5
Punjab,Amritsar,2016,580.4
Punjab,Amritsar,2017,718.7
Punjab,Amritsar,2018,516.8
Punjab,Amritsar,2019,460.6
Punjab,Amritsar,2020,568.5
Punjab,Amritsar,2021,595.5
Punjab,Amritsar,2022,641.7
Punjab,Amritsar,2023,630.3
Punjab,Jalandhar,2000,509.7
Punjab,Jalandhar,2001,613.5
Punjab,Jalandhar,2002,674.7
Punjab,Jalandhar,2003,616.6
Punjab,Jalandhar,2004,678.0
Punjab,Jalandhar,2005,720.0
Punjab,Jalandhar,2006,519.6
Punjab,Jalandhar,2007,675.8
Punjab,Jalandhar,2008,545.5
Punjab,Jalandhar,2009,569.9
Punjab,Jalandhar,2010,590.1
Punjab,Jalandhar,2011,703.7
Punjab,Jalandhar,2012,482.8
Punjab,Jalandhar,2013,544.3
Punjab,Jalandhar,2014,704.7
Punjab,Jalandhar,2015,562.9
Punjab,Jalandhar,2016,584.2
Punjab,Jalandhar,2017,571.6
Punjab,Jalandhar,2018,487.3
Punjab,Jalandhar,2019,505.5
Punjab,Jalandhar,2020,605.6
Punjab,Jalandhar,2021,663.0
Punjab,Jalandhar,2022,543.8
Punjab,Jalandhar,2023,741.1
Punjab,Patiala,2000,693.5
Punjab,Patiala,2001,544.4
Punjab,Patiala,2002,638.3
Punjab,Patiala,2003,668.7
Punjab,Patiala,2004,650.0
Punjab,Patiala,2005,574.7
Punjab,Patiala,2006,618.2
Punjab,Patiala,2007,809.2
Punjab,Patiala,2008,686.7
Punjab,Patiala,2009,497.4
Punjab,Patiala,2010,629.8
Punjab,Patiala,2011,639.3
Punjab,Patiala,2012,549.7
Punjab,Patiala,2013,529.8
Punjab,Patiala,2014,551.6
Punjab,Patiala,2015,579.7
Punjab,Patiala,2016,513.7
Punjab,Patiala,2017,678.4
Punjab,Patiala,2018,547.2
Punjab,Patiala,2019,690.5
Punjab,Patiala,2020,625.0
Punjab,Patiala,2021,379.7
Punjab,Patiala,2022,474.2
Punjab,Patiala,2023,532.5
Punjab,Bathinda,2000,613.9
Punjab,Bathinda,2001,745.0
Punjab,Bathinda,2002,690.4
Punjab,Bathinda,2003,629.8
Punjab,Bathinda,2004,782.9
Punjab,Bathinda,2005,523.0
Punjab,Bathinda,2006,766.5
Punjab,Bathinda,2007,705.5
Punjab,Bathinda,2008,641.2
Punjab,Bathinda,2009,684.7
Punjab,Bathinda,2010,648.4
Punjab,Bathinda,2011,742.4
Punjab,Bathinda,2012,684.8
Punjab,Bathinda,2013,575.0
Punjab,Bathinda,2014,719.8
Punjab,Bathinda,2015,645.9
Punjab,Bathinda,2016,631.0
Punjab,Bathinda,2017,557.7
Punjab,Bathinda,2018,598.6
Punjab,Bathinda,2019,697.5
Punjab,Bathinda,2020,619.8
Punjab,Bathinda,2021,481.7
Punjab,Bathinda,2022,566.3
Punjab,Bathinda,2023,588.3
Haryana,Gurugram,2000,678.0
Haryana,Gurugram,2001,656.4
Haryana,Gurugram,2002,481.5
Haryana,Gurugram,2003,644.7
Haryana,Gurugram,2004,549.4
Haryana,Gurugram,2005,533.0
Haryana,Gurugram,2006,538.1
Haryana,Gurugram,2007,559.0
Haryana,Gurugram,2008,680.8
Haryana,Gurugram,2009,571.8
Haryana,Gurugram,2010,561.4
Haryana,Gurugram,2011,529.2
Haryana,Gurugram,2012,775.5
Haryana,Gurugram,2013,558.7
Haryana,Gurugram,2014,542.2
Haryana,Gurugram,2015,630.8
Haryana,Gurugram,2016,580.1
Haryana,Gurugram,2017,566.1
Haryana,Gurugram,2018,550.8
Haryana,Gurugram,2019,583.4
Haryana,Gurugram,2020,606.0
Haryana,Gurugram,2021,490.4
Haryana,Gurugram,2022,534.0
Haryana,Gurugram,2023,524.9
Haryana,Faridabad,2000,478.0
Haryana,Faridabad,2001,539.1
Haryana,Faridabad,2002,647.6
Haryana,Faridabad,2003,595.1
Haryana,Faridabad,2004,614.4
Haryana,Faridabad,2005,535.6
Haryana,Faridabad,2006,595.0
Haryana,Faridabad,2007,482.7
Haryana,Faridabad,2008,515.4
Haryana,Faridabad,2009,446.6
Haryana,Faridabad,2010,632.3
Haryana,Faridabad,2011,623.8
Haryana,Faridabad,2012,481.6
Haryana,Faridabad,2013,470.2
Haryana,Faridabad,2014,635.6
Haryana,Faridabad,2015,609.1
Haryana,Faridabad,2016,547.2
Haryana,Faridabad,2017,526.6
Haryana,Faridabad,2018,643.4
Haryana,Faridabad,2019,584.7
Haryana,Faridabad,2020,400.2
Haryana,Faridabad,2021,618.1
Haryana,Faridabad,2022,503.2
Haryana,Faridabad,2023,524.1
Haryana,Hisar,2000,640.0
Haryana,Hisar,2001,486.5
Haryana,Hisar,2002,592.9
Haryana,Hisar,2003,668.5
Haryana,Hisar,2004,569.6
Haryana,Hisar,2005,511.5
Haryana,Hisar,2006,471.8
Haryana,Hisar,2007,652.9
Haryana,Hisar,2008,693.1
Haryana,Hisar,2009,567.9
Haryana,Hisar,2010,519.2
Haryana,Hisar,2011,573.6
Haryana,Hisar,2012,579.3
Haryana,Hisar,2013,682.5
Haryana,Hisar,2014,502.3
Haryana,Hisar,2015,613.5
Haryana,Hisar,2016,638.5
Haryana,Hisar,2017,550.9
Haryana,Hisar,2018,461.3
Haryana,Hisar,2019,500.5
Haryana,Hisar,2020,502.7
Haryana,Hisar,2021,486.5
Haryana,Hisar,2022,494.7
Haryana,Hisar,2023,427.3
Haryana,Rohtak,2000,449.1
Haryana,Rohtak,2001,557.0
Haryana,Rohtak,2002,426.3
Haryana,Rohtak,2003,511.3
Haryana,Rohtak,2004,530.8
Haryana,Rohtak,2005,472.9
Haryana,Rohtak,2006,457.7
Haryana,Rohtak,2007,489.5
Haryana,Rohtak,2008,602.5
Haryana,Rohtak,2009,480.6
Haryana,Rohtak,2010,620.8
Haryana,Rohtak,2011,704.0
Haryana,Rohtak,2012,601.3
Haryana,Rohtak,2013,607.6
Haryana,Rohtak,2014,384.9
Haryana,Rohtak,2015,376.1
Haryana,Rohtak,2016,566.4
Haryana,Rohtak,2017,651.9
Haryana,Rohtak,2018,663.2
Haryana,Rohtak,2019,505.1
Haryana,Rohtak,2020,642.6
Haryana,Rohtak,2021,519.0
Haryana,Rohtak,2022,479.9
Haryana,Rohtak,2023,509.5
Haryana,Karnal,2000,706.3
Haryana,Karnal,2001,659.1
Haryana,Karnal,2002,665.4
Haryana,Karnal,2003,693.3
Haryana,Karnal,2004,646.8
Haryana,Karnal,2005,685.0
Haryana,Karnal,2006,448.5
Haryana,Karnal,2007,522.0
Haryana,Karnal,2008,502.7
Haryana,Karnal,2009,556.1
Haryana,Karnal,2010,658.1
Haryana,Karnal,2011,488.4
Haryana,Karnal,2012,691.2
Haryana,Karnal,2013,659.4
Haryana,Karnal,2014,465.7
Haryana,Karnal,2015,459.4
Haryana,Karnal,2016,620.9
Haryana,Karnal,2017,594.6
Haryana,Karnal,2018,613.3
Haryana,Karnal,2019,650.7
Haryana,Karnal,2020,501.8
Haryana,Karnal,2021,618.9
Haryana,Karnal,2022,612.2
Haryana,Karnal,2023,584.2
Rajasthan,Jaipur,2000,302.2
Rajasthan,Jaipur,2001,347.5
Rajasthan,Jaipur,2002,440.4
Rajasthan,Jaipur,2003,350.6
Rajasthan,Jaipur,2004,438.2
Rajasthan,Jaipur,2005,351.0
Rajasthan,Jaipur,2006,384.0
Rajasthan,Jaipur,2007,193.6
Rajasthan,Jaipur,2008,429.2
Rajasthan,Jaipur,2009,230.4
Rajasthan,Jaipur,2010,236.3
Rajasthan,Jaipur,2011,259.2
Rajasthan,Jaipur,2012,344.3
Rajasthan,Jaipur,2013,326.0
Rajasthan,Jaipur,2014,217.0
Rajasthan,Jaipur,2015,282.2
Rajasthan,Jaipur,2016,292.4
Rajasthan,Jaipur,2017,301.2
Rajasthan,Jaipur,2018,210.9
Rajasthan,Jaipur,2019,208.3
Rajasthan,Jaipur,2020,238.9
Rajasthan,Jaipur,2021,191.4
Rajasthan,Jaipur,2022,379.8
Rajasthan,Jaipur,2023,375.5
Rajasthan,Jodhpur,2000,238.3
Rajasthan,Jodhpur,2001,479.3
Rajasthan,Jodhpur,2002,368.1
Rajasthan,Jodhpur,2003,421.1
Rajasthan,Jodhpur,2004,418.8
Rajasthan,Jodhpur,2005,308.1
Rajasthan,Jodhpur,2006,304.0
Rajasthan,Jodhpur,2007,374.6
Rajasthan,Jodhpur,2008,294.2
Rajasthan,Jodhpur,2009,156.4
Rajasthan,Jodhpur,2010,451.5
Rajasthan,Jodhpur,2011,204.6
Rajasthan,Jodhpur,2012,251.5
Rajasthan,Jodhpur,2013,293.3
Rajasthan,Jodhpur,2014,226.4
Rajasthan,Jodhpur,2015,389.3
Rajasthan,Jodhpur,2016,406.9
Rajasthan,Jodhpur,2017,251.8
Rajasthan,Jodhpur,2018,420.7
Rajasthan,Jodhpur,2019,205.4
Rajasthan,Jodhpur,2020,168.5
Rajasthan,Jodhpur,2021,293.7
Rajasthan,Jodhpur,2022,429.1
Rajasthan,Jodhpur,2023,302.1
Rajasthan,Bikaner,2000,286.5
Rajasthan,Bikaner,2001,349.0
Rajasthan,Bikaner,2002,446.9
Rajasthan,Bikaner,2003,343.6
Rajasthan,Bikaner,2004,278.0
Rajasthan,Bikaner,2005,175.5
Rajasthan,Bikaner,2006,320.9
Rajasthan,Bikaner,2007,271.5
Rajasthan,Bikaner,2008,188.3
Rajasthan,Bikaner,2009,447.6
Rajasthan,Bikaner,2010,271.8
Rajasthan,Bikaner,2011,252.6
Rajasthan,Bikaner,2012,281.5
Rajasthan,Bikaner,2013,297.8
Rajasthan,Bikaner,2014,299.7
Rajasthan,Bikaner,2015,378.6
Rajasthan,Bikaner,2016,285.0
Rajasthan,Bikaner,2017,251.5
Rajasthan,Bikaner,2018,204.3
Rajasthan,Bikaner,2019,256.1
Rajasthan,Bikaner,2020,249.4
Rajasthan,Bikaner,2021,326.1
Rajasthan,Bikaner,2022,361.8
Rajasthan,Bikaner,2023,171.7
Rajasthan,Kota,2000,269.6
Rajasthan,Kota,2001,348.1
Rajasthan,Kota,2002,360.8
Rajasthan,Kota,2003,353.6
Rajasthan,Kota,2004,453.4
Rajasthan,Kota,2005,435.9
Rajasthan,Kota,2006,383.0
Rajasthan,Kota,2007,264.8
Rajasthan,Kota,2008,391.8
Rajasthan,Kota,2009,284.4
Rajasthan,Kota,2010,366.2
Rajasthan,Kota,2011,411.7
Rajasthan,Kota,2012,218.9
Rajasthan,Kota,2013,344.2
Rajasthan,Kota,2014,206.4
Rajasthan,Kota,2015,306.6
Rajasthan,Kota,2016,292.8
Rajasthan,Kota,2017,171.3
Rajasthan,Kota,2018,283.3
Rajasthan,Kota,2019,198.1
Rajasthan,Kota,2020,383.3
Rajasthan,Kota,2021,362.9
Rajasthan,Kota,2022,184.4
Rajasthan,Kota,2023,319.0
Rajasthan,Udaipur,2000,315.4
Rajasthan,Udaipur,2001,198.1
Rajasthan,Udaipur,2002,338.0
Rajasthan,Udaipur,2003,341.1
Rajasthan,Udaipur,2004,422.7
Rajasthan,Udaipur,2005,279.9
Rajasthan,Udaipur,2006,338.7
Rajasthan,Udaipur,2007,333.4
Rajasthan,Udaipur,2008,389.0
Rajasthan,Udaipur,2009,222.0
Rajasthan,Udaipur,2010,440.6
Rajasthan,Udaipur,2011,376.2
Rajasthan,Udaipur,2012,252.2
Rajasthan,Udaipur,2013,277.1
Rajasthan,Udaipur,2014,312.6
Rajasthan,Udaipur,2015,278.3
Rajasthan,Udaipur,2016,298.0
Rajasthan,Udaipur,2017,262.9
Rajasthan,Udaipur,2018,292.9
Rajasthan,Udaipur,2019,248.7
Rajasthan,Udaipur,2020,310.4
Rajasthan,Udaipur,2021,274.6
Rajasthan,Udaipur,2022,251.5
Rajasthan,Udaipur,2023,259.5
Gujarat,Ahmedabad,2000,667.0
Gujarat,Ahmedabad,2001,758.9
Gujarat,Ahmedabad,2002,653.6
Gujarat,Ahmedabad,2003,747.3
Gujarat,Ahmedabad,2004,790.7
Gujarat,Ahmedabad,2005,800.5
Gujarat,Ahmedabad,2006,684.0
Gujarat,Ahmedabad,2007,685.0
Gujarat,Ahmedabad,2008,620.3
Gujarat,Ahmedabad,2009,710.9
Gujarat,Ahmedabad,2010,729.2
Gujarat,Ahmedabad,2011,803.0
Gujarat,Ahmedabad,2012,697.8
Gujarat,Ahmedabad,2013,664.0
Gujarat,Ahmedabad,2014,792.1
Gujarat,Ahmedabad,2015,725.0
Gujarat,Ahmedabad,2016,726.7
Gujarat,Ahmedabad,2017,759.7
Gujarat,Ahmedabad,2018,813.6
Gujarat,Ahmedabad,2019,720.0
Gujarat,Ahmedabad,2020,690.8
Gujarat,Ahmedabad,2021,804.9
Gujarat,Ahmedabad,2022,668.5
Gujarat,Ahmedabad,2023,846.2
Gujarat,Surat,2000,829.6
Gujarat,Surat,2001,778.6
Gujarat,Surat,2002,718.4
Gujarat,Surat,2003,748.1
Gujarat,Surat,2004,577.0
Gujarat,Surat,2005,667.7
Gujarat,Surat,2006,611.5
Gujarat,Surat,2007,705.0
Gujarat,Surat,2008,736.9
Gujarat,Surat,2009,516.6
Gujarat,Surat,2010,749.2
Gujarat,Surat,2011,656.9
Gujarat,Surat,2012,599.1
Gujarat,Surat,2013,521.7
Gujarat,Surat,2014,704.0
Gujarat,Surat,2015,647.6
Gujarat,Surat,2016,578.5
Gujarat,Surat,2017,767.2
Gujarat,Surat,2018,609.2
Gujarat,Surat,2019,680.4
Gujarat,Surat,2020,560.8
Gujarat,Surat,2021,737.8
Gujarat,Surat,2022,709.4
Gujarat,Surat,2023,723.1
Gujarat,Vadodara,2000,635.0
Gujarat,Vadodara,2001,528.7
Gujarat,Vadodara,2002,736.8
Gujarat,Vadodara,2003,609.4
Gujarat,Vadodara,2004,692.2
Gujarat,Vadodara,2005,658.0
Gujarat,Vadodara,2006,714.8
Gujarat,Vadodara,2007,754.8
Gujarat,Vadodara,2008,722.8
Gujarat,Vadodara,2009,719.7
Gujarat,Vadodara,2010,728.6
Gujarat,Vadodara,2011,609.8
Gujarat,Vadodara,2012,736.2
Gujarat,Vadodara,2013,767.7
Gujarat,Vadodara,2014,772.0
Gujarat,Vadodara,2015,592.4
Gujarat,Vadodara,2016,577.7
Gujarat,Vadodara,2017,678.9
Gujarat,Vadodara,2018,712.9
Gujarat,Vadodara,2019,716.4
Gujarat,Vadodara,2020,659.5
Gujarat,Vadodara,2021,692.4
Gujarat,Vadodara,2022,693.0
Gujarat,Vadodara,2023,727.5
Gujarat,Rajkot,2000,630.4
Gujarat,Rajkot,2001,638.1
Gujarat,Rajkot,2002,599.4
Gujarat,Rajkot,2003,752.9
Gujarat,Rajkot,2004,559.3
Gujarat,Rajkot,2005,594.2
Gujarat,Rajkot,2006,628.4
Gujarat,Rajkot,2007,650.5
Gujarat,Rajkot,2008,726.2
Gujarat,Rajkot,2009,680.3
Gujarat,Rajkot,2010,579.2
Gujarat,Rajkot,2011,683.3
Gujarat,Rajkot,2012,597.3
Gujarat,Rajkot,2013,639.3
Gujarat,Rajkot,2014,818.4
Gujarat,Rajkot,2015,575.8
Gujarat,Rajkot,2016,673.7
Gujarat,Rajkot,2017,715.8
Gujarat,Rajkot,2018,614.4
Gujarat,Rajkot,2019,641.8
Gujarat,Rajkot,2020,752.1
Gujarat,Rajkot,2021,776.0
Gujarat,Rajkot,2022,634.8
Gujarat,Rajkot,2023,695.9
Gujarat,Gandhinagar,2000,640.0
Gujarat,Gandhinagar,2001,484.4
Gujarat,Gandhinagar,2002,676.8
Gujarat,Gandhinagar,2003,646.8
Gujarat,Gandhinagar,2004,670.9
Gujarat,Gandhinagar,2005,698.5
Gujarat,Gandhinagar,2006,755.2
Gujarat,Gandhinagar,2007,748.5
Gujarat,Gandhinagar,2008,878.8
Gujarat,Gandhinagar,2009,709.7
Gujarat,Gandhinagar,2010,634.1
Gujarat,Gandhinagar,2011,725.3
Gujarat,Gandhinagar,2012,619.8
Gujarat,Gandhinagar,2013,748.0
Gujarat,Gandhinagar,2014,868.7
Gujarat,Gandhinagar,2015,656.3
Gujarat,Gandhinagar,2016,616.4
Gujarat,Gandhinagar,2017,679.7
Gujarat,Gandhinagar,2018,630.9
Gujarat,Gandhinagar,2019,633.0
Gujarat,Gandhinagar,2020,572.9
Gujarat,Gandhinagar,2021,865.5
Gujarat,Gandhinagar,2022,636.7
Gujarat,Gandhinagar,2023,827.8
Maharashtra,Pune,2000,1077.3
Maharashtra,Pune,2001,1214.5
Maharashtra,Pune,2002,1075.4
Maharashtra,Pune,2003,1172.1
Maharashtra,Pune,2004,1068.1
Maharashtra,Pune,2005,1041.9
Maharashtra,Pune,2006,1004.8
Maharashtra,Pune,2007,1156.6
Maharashtra,Pune,2008,1035.7
Maharashtra,Pune,2009,1078.3
Maharashtra,Pune,2010,1069.9
Maharashtra,Pune,2011,1082.0
Maharashtra,Pune,2012,1060.9
Maharashtra,Pune,2013,1067.0
Maharashtra,Pune,2014,1096.9
Maharashtra,Pune,2015,1114.3
Maharashtra,Pune,2016,1101.0
Maharashtra,Pune,2017,1149.1
Maharashtra,Pune,2018,1092.0
Maharashtra,Pune,2019,1188.5
Maharashtra,Pune,2020,1008.9
Maharashtra,Pune,2021,1126.9
Maharashtra,Pune,2022,1129.0
Maharashtra,Pune,2023,1085.9
Maharashtra,Nashik,2000,1124.5
Maharashtra,Nashik,2001,1060.6
Maharashtra,Nashik,2002,1076.7
Maharashtra,Nashik,2003,1148.9
Maharashtra,Nashik,2004,1166.6
Maharashtra,Nashik,2005,980.4
Maharashtra,Nashik,2006,1168.1
Maharashtra,Nashik,2007,999.2
Maharashtra,Nashik,2008,1100.4
Maharashtra,Nashik,2009,1084.0
Maharashtra,Nashik,2010,1248.1
Maharashtra,Nashik,2011,1148.5
Maharashtra,Nashik,2012,1119.0
Maharashtra,Nashik,2013,1150.6
Maharashtra,Nashik,2014,991.4
Maharashtra,Nashik,2015,1233.7
Maharashtra,Nashik,2016,1147.7
Maharashtra,Nashik,2017,1049.1
Maharashtra,Nashik,2018,1053.8
Maharashtra,Nashik,2019,1050.7
Maharashtra,Nashik,2020,970.2
Maharashtra,Nashik,2021,1132.4
Maharashtra,Nashik,2022,1164.6
Maharashtra,Nashik,2023,1110.2
Maharashtra,Nagpur,2000,1027.5
Maharashtra,Nagpur,2001,1060.6
Maharashtra,Nagpur,2002,1074.4
Maharashtra,Nagpur,2003,1110.0
Maharashtra,Nagpur,2004,1025.8
Maharashtra,Nagpur,2005,1132.8
Maharashtra,Nagpur,2006,1062.1
Maharashtra,Nagpur,2007,1132.6
Maharashtra,Nagpur,2008,1028.0
Maharashtra,Nagpur,2009,1083.4
Maharashtra,Nagpur,2010,1211.9
Maharashtra,Nagpur,2011,1055.9
Maharashtra,Nagpur,2012,1101.4
Maharashtra,Nagpur,2013,945.7
Maharashtra,Nagpur,2014,1083.3
Maharashtra,Nagpur,2015,1237.6
Maharashtra,Nagpur,2016,1062.8
Maharashtra,Nagpur,2017,1031.9
Maharashtra,Nagpur,2018,1044.9
Maharashtra,Nagpur,2019,1206.6
Maharashtra,Nagpur,2020,1191.3
Maharashtra,Nagpur,2021,1105.2
Maharashtra,Nagpur,2022,1240.8
Maharashtra,Nagpur,2023,996.5
Maharashtra,Aurangabad,2000,1193.2
Maharashtra,Aurangabad,2001,1207.7
Maharashtra,Aurangabad,2002,1105.4
Maharashtra,Aurangabad,2003,1168.5
Maharashtra,Aurangabad,2004,1174.3
Maharashtra,Aurangabad,2005,1132.7
Maharashtra,Aurangabad,2006,1120.6
Maharashtra,Aurangabad,2007,1097.9
Maharashtra,Aurangabad,2008,1152.6
Maharashtra,Aurangabad,2009,1115.4
Maharashtra,Aurangabad,2010,1228.8
Maharashtra,Aurangabad,2011,1285.9
Maharashtra,Aurangabad,2012,1098.1
Maharashtra,Aurangabad,2013,1131.3
Maharashtra,Aurangabad,2014,1024.1
Maharashtra,Aurangabad,2015,1190.6
Maharashtra,Aurangabad,2016,1182.5
Maharashtra,Aurangabad,2017,1184.2
Maharashtra,Aurangabad,2018,1130.0
Maharashtra,Aurangabad,2019,1145.6
Maharashtra,Aurangabad,2020,1014.1
Maharashtra,Aurangabad,2021,1104.5
Maharashtra,Aurangabad,2022,1055.0
Maharashtra,Aurangabad,2023,986.5
Maharashtra,Solapur,2000,1065.3
Maharashtra,Solapur,2001,1063.5
Maharashtra,Solapur,2002,972.3
Maharashtra,Solapur,2003,1069.0
Maharashtra,Solapur,2004,1096.0
Maharashtra,Solapur,2005,1054.5
Maharashtra,Solapur,2006,1026.2
Maharashtra,Solapur,2007,1132.6
Maharashtra,Solapur,2008,1082.7
Maharashtra,Solapur,2009,1195.8
Maharashtra,Solapur,2010,1122.9
Maharashtra,Solapur,2011,1052.9
Maharashtra,Solapur,2012,1052.8
Maharashtra,Solapur,2013,1075.7
Maharashtra,Solapur,2014,1082.0
Maharashtra,Solapur,2015,1346.3
Maharashtra,Solapur,2016,1193.6
Maharashtra,Solapur,2017,1100.6
Maharashtra,Solapur,2018,1135.9
Maharashtra,Solapur,2019,1170.9
Maharashtra,Solapur,2020,1207.1
Maharashtra,Solapur,2021,1108.6
Maharashtra,Solapur,2022,1093.3
Maharashtra,Solapur,2023,1145.9
Uttar Pradesh,Lucknow,2000,942.6
Uttar Pradesh,Lucknow,2001,794.2
Uttar Pradesh,Lucknow,2002,884.0
Uttar Pradesh,Lucknow,2003,859.5
Uttar Pradesh,Lucknow,2004,910.5
Uttar Pradesh,Lucknow,2005,864.7
Uttar Pradesh,Lucknow,2006,878.2
Uttar Pradesh,Lucknow,2007,827.3
Uttar Pradesh,Lucknow,2008,773.4
Uttar Pradesh,Lucknow,2009,793.4
Uttar Pradesh,Lucknow,2010,779.7
Uttar Pradesh,Lucknow,2011,1040.3
Uttar Pradesh,Lucknow,2012,786.9
Uttar Pradesh,Lucknow,2013,739.4
Uttar Pradesh,Lucknow,2014,839.4
Uttar Pradesh,Lucknow,2015,873.1
Uttar Pradesh,Lucknow,2016,664.3
Uttar Pradesh,Lucknow,2017,922.6
Uttar Pradesh,Lucknow,2018,843.9
Uttar Pradesh,Lucknow,2019,813.8
Uttar Pradesh,Lucknow,2020,742.2
Uttar Pradesh,Lucknow,2021,1030.4
Uttar Pradesh,Lucknow,2022,930.7
Uttar Pradesh,Lucknow,2023,847.1
Uttar Pradesh,Kanpur,2000,839.2
Uttar Pradesh,Kanpur,2001,794.0
Uttar Pradesh,Kanpur,2002,857.8
Uttar Pradesh,Kanpur,2003,834.7
Uttar Pradesh,Kanpur,2004,826.6
Uttar Pradesh,Kanpur,2005,851.3
Uttar Pradesh,Kanpur,2006,823.1
Uttar Pradesh,Kanpur,2007,852.4
Uttar Pradesh,Kanpur,2008,942.7
Uttar Pradesh,Kanpur,2009,1005.2
Uttar Pradesh,Kanpur,2010,867.0
Uttar Pradesh,Kanpur,2011,920.3
Uttar Pradesh,Kanpur,2012,729.5
Uttar Pradesh,Kanpur,2013,746.4
Uttar Pradesh,Kanpur,2014,786.3
Uttar Pradesh,Kanpur,2015,883.0
Uttar Pradesh,Kanpur,2016,869.7
Uttar Pradesh,Kanpur,2017,831.4
Uttar Pradesh,Kanpur,2018,765.0
Uttar Pradesh,Kanpur,2019,836.9
Uttar Pradesh,Kanpur,2020,899.5
Uttar Pradesh,Kanpur,2021,938.8
Uttar Pradesh,Kanpur,2022,872.8
Uttar Pradesh,Kanpur,2023,996.0
Uttar Pradesh,Agra,2000,883.0
Uttar Pradesh,Agra,2001,954.6
Uttar Pradesh,Agra,2002,999.8
Uttar Pradesh,Agra,2003,745.3
Uttar Pradesh,Agra,2004,868.0
Uttar Pradesh,Agra,2005,809.1
Uttar Pradesh,Agra,2006,738.2
Uttar Pradesh,Agra,2007,812.1
Uttar Pradesh,Agra,2008,928.1
Uttar Pradesh,Agra,2009,828.6
Uttar Pradesh,Agra,2010,874.6
Uttar Pradesh,Agra,2011,748.5
Uttar Pradesh,Agra,2012,951.9
Uttar Pradesh,Agra,2013,964.9
Uttar Pradesh,Agra,2014,943.0
Uttar Pradesh,Agra,2015,801.2
Uttar Pradesh,Agra,2016,902.4
Uttar Pradesh,Agra,2017,757.0
Uttar Pradesh,Agra,2018,913.8
Uttar Pradesh,Agra,2019,824.9
Uttar Pradesh,Agra,2020,902.0
Uttar Pradesh,Agra,2021,897.8
Uttar Pradesh,Agra,2022,884.6
Uttar Pradesh,Agra,2023,873.1
Uttar Pradesh,Varanasi,2000,975.1
Uttar Pradesh,Varanasi,2001,839.2
Uttar Pradesh,Varanasi,2002,755.8
Uttar Pradesh,Varanasi,2003,863.9
Uttar Pradesh,Varanasi,2004,904.2
Uttar Pradesh,Varanasi,2005,881.6
Uttar Pradesh,Varanasi,2006,676.6
Uttar Pradesh,Varanasi,2007,983.2
Uttar Pradesh,Varanasi,2008,895.7
Uttar Pradesh,Varanasi,2009,996.6
Uttar Pradesh,Varanasi,2010,814.5
Uttar Pradesh,Varanasi,2011,824.4
Uttar Pradesh,Varanasi,2012,879.4
Uttar Pradesh,Varanasi,2013,772.6
Uttar Pradesh,Varanasi,2014,871.3
Uttar Pradesh,Varanasi,2015,806.5
Uttar Pradesh,Varanasi,2016,878.7
Uttar Pradesh,Varanasi,2017,896.8
Uttar Pradesh,Varanasi,2018,758.0
Uttar Pradesh,Varanasi,2019,921.6
Uttar Pradesh,Varanasi,2020,865.0
Uttar Pradesh,Varanasi,2021,1051.6
Uttar Pradesh,Varanasi,2022,874.0
Uttar Pradesh,Varanasi,2023,788.6
Uttar Pradesh,Meerut,2000,823.2
Uttar Pradesh,Meerut,2001,946.7
Uttar Pradesh,Meerut,2002,954.0
Uttar Pradesh,Meerut,2003,838.2
Uttar Pradesh,Meerut,2004,896.2
Uttar Pradesh,Meerut,2005,842.5
Uttar Pradesh,Meerut,2006,865.5
Uttar Pradesh,Meerut,2007,796.9
Uttar Pradesh,Meerut,2008,845.6
Uttar Pradesh,Meerut,2009,725.5
Uttar Pradesh,Meerut,2010,876.0
Uttar Pradesh,Meerut,2011,972.9
Uttar Pradesh,Meerut,2012,881.6
Uttar Pradesh,Meerut,2013,926.3
Uttar Pradesh,Meerut,2014,1008.9
Uttar Pradesh,Meerut,2015,858.7
Uttar Pradesh,Meerut,2016,967.8
Uttar Pradesh,Meerut,2017,767.0
Uttar Pradesh,Meerut,2018,929.9
Uttar Pradesh,Meerut,2019,1003.2
Uttar Pradesh,Meerut,2020,1022.1
Uttar Pradesh,Meerut,2021,877.8
Uttar Pradesh,Meerut,2022,840.7
Uttar Pradesh,Meerut,2023,884.6
Bihar,Patna,2000,1217.0
Bihar,Patna,2001,1132.5
Bihar,Patna,2002,1173.0
Bihar,Patna,2003,1217.3
Bihar,Patna,2004,1044.7
Bihar,Patna,2005,1121.0
Bihar,Patna,2006,1069.2
Bihar,Patna,2007,1092.5
Bihar,Patna,2008,1115.2
Bihar,Patna,2009,1079.7
Bihar,Patna,2010,1091.0
Bihar,Patna,2011,1126.3
Bihar,Patna,2012,1039.4
Bihar,Patna,2013,942.8
Bihar,Patna,2014,1075.8
Bihar,Patna,2015,1215.1
Bihar,Patna,2016,1280.9
Bihar,Patna,2017,1092.4
Bihar,Patna,2018,1114.2
Bihar,Patna,2019,1112.5
Bihar,Patna,2020,1078.6
Bihar,Patna,2021,1142.5
Bihar,Patna,2022,1052.3
Bihar,Patna,2023,1051.4
Bihar,Gaya,2000,1045.8
Bihar,Gaya,2001,1128.5
Bihar,Gaya,2002,1018.3
Bihar,Gaya,2003,1019.2
Bihar,Gaya,2004,866.1
Bihar,Gaya,2005,1144.5
Bihar,Gaya,2006,1239.2
Bihar,Gaya,2007,1201.3
Bihar,Gaya,2008,1183.3
Bihar,Gaya,2009,1182.8
Bihar,Gaya,2010,1123.1
Bihar,Gaya,2011,977.2
Bihar,Gaya,2012,1213.7
Bihar,Gaya,2013,1028.3
Bihar,Gaya,2014,1153.3
Bihar,Gaya,2015,965.0
Bihar,Gaya,2016,1168.6
Bihar,Gaya,2017,1009.5
Bihar,Gaya,2018,1020.1
Bihar,Gaya,2019,1196.1
Bihar,Gaya,2020,1082.7
Bihar,Gaya,2021,1189.0
Bihar,Gaya,2022,1176.0
Bihar,Gaya,2023,990.1
Bihar,Muzaffarpur,2000,1222.7
Bihar,Muzaffarpur,2001,1036.7
Bihar,Muzaffarpur,2002,1215.3
Bihar,Muzaffarpur,2003,1149.5
Bihar,Muzaffarpur,2004,1051.7
Bihar,Muzaffarpur,2005,1020.4
Bihar,Muzaffarpur,2006,1048.5
Bihar,Muzaffarpur,2007,1131.7
Bihar,Muzaffarpur,2008,1113.8
Bihar,Muzaffarpur,2009,1145.1
Bihar,Muzaffarpur,2010,1114.5
Bihar,Muzaffarpur,2011,1092.1
Bihar,Muzaffarpur,2012,1009.4
Bihar,Muzaffarpur,2013,1115.8
Bihar,Muzaffarpur,2014,1072.8
Bihar,Muzaffarpur,2015,1112.0
Bihar,Muzaffarpur,2016,1020.5
Bihar,Muzaffarpur,2017,1169.4
Bihar,Muzaffarpur,2018,1084.7
Bihar,Muzaffarpur,2019,1020.5
Bihar,Muzaffarpur,2020,1147.3
Bihar,Muzaffarpur,2021,1018.8
Bihar,Muzaffarpur,2022,1214.8
Bihar,Muzaffarpur,2023,1210.2
Bihar,Bhagalpur,2000,1052.7
Bihar,Bhagalpur,2001,1023.6
Bihar,Bhagalpur,2002,1058.5
Bihar,Bhagalpur,2003,1029.6
Bihar,Bhagalpur,2004,1304.7
Bihar,Bhagalpur,2005,1102.5
Bihar,Bhagalpur,2006,936.1
Bihar,Bhagalpur,2007,1046.7
Bihar,Bhagalpur,2008,1028.7
Bihar,Bhagalpur,2009,1027.9
Bihar,Bhagalpur,2010,1156.8
Bihar,Bhagalpur,2011,1219.5
Bihar,Bhagalpur,2012,1014.0
Bihar,Bhagalpur,2013,980.5
Bihar,Bhagalpur,2014,1114.6
Bihar,Bhagalpur,2015,1066.1
Bihar,Bhagalpur,2016,966.7
Bihar,Bhagalpur,2017,1016.9
Bihar,Bhagalpur,2018,1252.5
Bihar,Bhagalpur,2019,1127.4
Bihar,Bhagalpur,2020,1088.6
Bihar,Bhagalpur,2021,1105.5
Bihar,Bhagalpur,2022,1107.5
Bihar,Bhagalpur,2023,1044.8
Bihar,Darbhanga,2000,1140.8
Bihar,Darbhanga,2001,1033.1
Bihar,Darbhanga,2002,1129.4
Bihar,Darbhanga,2003,1097.9
Bihar,Darbhanga,2004,1080.8
Bihar,Darbhanga,2005,1158.5
Bihar,Darbhanga,2006,1188.1
Bihar,Darbhanga,2007,1100.0
Bihar,Darbhanga,2008,1164.0
Bihar,Darbhanga,2009,1156.3
Bihar,Darbhanga,2010,1151.3
Bihar,Darbhanga,2011,1151.1
Bihar,Darbhanga,2012,1122.5
Bihar,Darbhanga,2013,1204.2
Bihar,Darbhanga,2014,1104.9
Bihar,Darbhanga,2015,1170.4
Bihar,Darbhanga,2016,1037.8
Bihar,Darbhanga,2017,1171.5
Bihar,Darbhanga,2018,1070.1
Bihar,Darbhanga,2019,1209.6
Bihar,Darbhanga,2020,1196.9
Bihar,Darbhanga,2021,1234.7
Bihar,Darbhanga,2022,1131.6
Bihar,Darbhanga,2023,1290.6
West Bengal,Kolkata,2000,1479.4
West Bengal,Kolkata,2001,1504.7
West Bengal,Kolkata,2002,1539.7
West Bengal,Kolkata,2003,1498.2
West Bengal,Kolkata,2004,1574.7
West Bengal,Kolkata,2005,1578.8
West Bengal,Kolkata,2006,1561.5
West Bengal,Kolkata,2007,1660.6
West Bengal,Kolkata,2008,1581.7
West Bengal,Kolkata,2009,1595.8
West Bengal,Kolkata,2010,1566.8
West Bengal,Kolkata,2011,1617.8
West Bengal,Kolkata,2012,1561.7
West Bengal,Kolkata,2013,1588.3
West Bengal,Kolkata,2014,1642.1
West Bengal,Kolkata,2015,1689.9
West Bengal,Kolkata,2016,1604.9
West Bengal,Kolkata,2017,1612.3
West Bengal,Kolkata,2018,1639.6
West Bengal,Kolkata,2019,1558.3
West Bengal,Kolkata,2020,1530.3
West Bengal,Kolkata,2021,1642.4
West Bengal,Kolkata,2022,1529.0
West Bengal,Kolkata,2023,1595.3
West Bengal,Howrah,2000,1588.0
West Bengal,Howrah,2001,1627.6
West Bengal,Howrah,2002,1573.2
West Bengal,Howrah,2003,1587.6
West Bengal,Howrah,2004,1538.5
West Bengal,Howrah,2005,1637.5
West Bengal,Howrah,2006,1503.5
West Bengal,Howrah,2007,1535.9
West Bengal,Howrah,2008,1603.6
West Bengal,Howrah,2009,1642.0
West Bengal,Howrah,2010,1755.4
West Bengal,Howrah,2011,1550.6
West Bengal,Howrah,2012,1535.1
West Bengal,Howrah,2013,1584.0
West Bengal,Howrah,2014,1712.6
West Bengal,Howrah,2015,1623.2
West Bengal,Howrah,2016,1585.8
West Bengal,Howrah,2017,1630.1
West Bengal,Howrah,2018,1555.5
West Bengal,Howrah,2019,1700.2
West Bengal,Howrah,2020,1671.5
West Bengal,Howrah,2021,1667.4
West Bengal,Howrah,2022,1726.2
West Bengal,Howrah,2023,1538.5
West Bengal,Durgapur,2000,1691.7
West Bengal,Durgapur,2001,1484.2
West Bengal,Durgapur,2002,1473.1
West Bengal,Durgapur,2003,1689.0
West Bengal,Durgapur,2004,1753.0
West Bengal,Durgapur,2005,1569.9
West Bengal,Durgapur,2006,1611.3
West Bengal,Durgapur,2007,1643.8
West Bengal,Durgapur,2008,1644.1
West Bengal,Durgapur,2009,1438.7
West Bengal,Durgapur,2010,1536.2
West Bengal,Durgapur,2011,1649.6
West Bengal,Durgapur,2012,1675.4
West Bengal,Durgapur,2013,1663.6
West Bengal,Durgapur,2014,1633.6
West Bengal,Durgapur,2015,1553.5
West Bengal,Durgapur,2016,1863.7
West Bengal,Durgapur,2017,1714.7
West Bengal,Durgapur,2018,1722.8
West Bengal,Durgapur,2019,1493.5
West Bengal,Durgapur,2020,1669.0
West Bengal,Durgapur,2021,1505.2
West Bengal,Durgapur,2022,1665.8
West Bengal,Durgapur,2023,1689.1
West Bengal,Asansol,2000,1602.2
West Bengal,Asansol,2001,1669.5
West Bengal,Asansol,2002,1625.7
West Bengal,Asansol,2003,1579.3
West Bengal,Asansol,2004,1504.4
West Bengal,Asansol,2005,1585.7
West Bengal,Asansol,2006,1587.4
West Bengal,Asansol,2007,1593.1
West Bengal,Asansol,2008,1450.9
West Bengal,Asansol,2009,1754.2
West Bengal,Asansol,2010,1577.6
West Bengal,Asansol,2011,1681.2
West Bengal,Asansol,2012,1562.0
West Bengal,Asansol,2013,1468.6
West Bengal,Asansol,2014,1690.2
West Bengal,Asansol,2015,1614.4
West Bengal,Asansol,2016,1571.0
West Bengal,Asansol,2017,1575.2
West Bengal,Asansol,2018,1659.2
West Bengal,Asansol,2019,1625.2
West Bengal,Asansol,2020,1622.6
West Bengal,Asansol,2021,1684.2
West Bengal,Asansol,2022,1577.1
West Bengal,Asansol,2023,1702.6
West Bengal,Siliguri,2000,1582.8
West Bengal,Siliguri,2001,1688.2
West Bengal,Siliguri,2002,1484.1
West Bengal,Siliguri,2003,1556.0
West Bengal,Siliguri,2004,1625.8
West Bengal,Siliguri,2005,1505.6
West Bengal,Siliguri,2006,1572.3
West Bengal,Siliguri,2007,1515.6
West Bengal,Siliguri,2008,1582.5
West Bengal,Siliguri,2009,1645.5
West Bengal,Siliguri,2010,1765.5
West Bengal,Siliguri,2011,1715.5
West Bengal,Siliguri,2012,1754.6
West Bengal,Siliguri,2013,1616.7
West Bengal,Siliguri,2014,1624.4
West Bengal,Siliguri,2015,1578.0
West Bengal,Siliguri,2016,1561.9
West Bengal,Siliguri,2017,1778.5
West Bengal,Siliguri,2018,1634.6
West Bengal,Siliguri,2019,1577.2
West Bengal,Siliguri,2020,1744.3
West Bengal,Siliguri,2021,1569.5
West Bengal,Siliguri,2022,1518.7
West Bengal,Siliguri,2023,1583.2
Tamil Nadu,Chennai,2000,872.7
Tamil Nadu,Chennai,2001,1063.2
Tamil Nadu,Chennai,2002,846.6
Tamil Nadu,Chennai,2003,936.7
Tamil Nadu,Chennai,2004,879.2
Tamil Nadu,Chennai,2005,989.2
Tamil Nadu,Chennai,2006,1010.2
Tamil Nadu,Chennai,2007,883.2
Tamil Nadu,Chennai,2008,876.6
Tamil Nadu,Chennai,2009,824.7
Tamil Nadu,Chennai,2010,950.0
Tamil Nadu,Chennai,2011,840.1
Tamil Nadu,Chennai,2012,959.9
Tamil Nadu,Chennai,2013,859.1
Tamil Nadu,Chennai,2014,1003.0
Tamil Nadu,Chennai,2015,1018.6
Tamil Nadu,Chennai,2016,1026.4
Tamil Nadu,Chennai,2017,1003.8
Tamil Nadu,Chennai,2018,994.9
Tamil Nadu,Chennai,2019,985.4
Tamil Nadu,Chennai,2020,838.3
Tamil Nadu,Chennai,2021,1114.4
Tamil Nadu,Chennai,2022,1071.5
Tamil Nadu,Chennai,2023,969.8
Tamil Nadu,Coimbatore,2000,1066.0
Tamil Nadu,Coimbatore,2001,929.6
Tamil Nadu,Coimbatore,2002,947.7
Tamil Nadu,Coimbatore,2003,885.3
Tamil Nadu,Coimbatore,2004,893.0
Tamil Nadu,Coimbatore,2005,1001.0
Tamil Nadu,Coimbatore,2006,993.7
Tamil Nadu,Coimbatore,2007,942.7
Tamil Nadu,Coimbatore,2008,958.4
Tamil Nadu,Coimbatore,2009,960.4
Tamil Nadu,Coimbatore,2010,1035.9
Tamil Nadu,Coimbatore,2011,1005.4
Tamil Nadu,Coimbatore,2012,1056.6
Tamil Nadu,Coimbatore,2013,1031.9
Tamil Nadu,Coimbatore,2014,980.3
Tamil Nadu,Coimbatore,2015,926.9
Tamil Nadu,Coimbatore,2016,795.3
Tamil Nadu,Coimbatore,2017,1085.1
Tamil Nadu,Coimbatore,2018,951.3
Tamil Nadu,Coimbatore,2019,1116.6
Tamil Nadu,Coimbatore,2020,1006.2
Tamil Nadu,Coimbatore,2021,917.0
Tamil Nadu,Coimbatore,2022,1068.3
Tamil Nadu,Coimbatore,2023,1002.0
Tamil Nadu,Madurai,2000,983.2
Tamil Nadu,Madurai,2001,919.1
Tamil Nadu,Madurai,2002,945.1
Tamil Nadu,Madurai,2003,908.5
Tamil Nadu,Madurai,2004,828.3
Tamil Nadu,Madurai,2005,940.3
Tamil Nadu,Madurai,2006,870.5
Tamil Nadu,Madurai,2007,834.6
Tamil Nadu,Madurai,2008,998.8
Tamil Nadu,Madurai,2009,992.8
Tamil Nadu,Madurai,2010,925.2
Tamil Nadu,Madurai,2011,950.6
Tamil Nadu,Madurai,2012,829.9
Tamil Nadu,Madurai,2013,864.3
Tamil Nadu,Madurai,2014,1029.9
Tamil Nadu,Madurai,2015,954.6
Tamil Nadu,Madurai,2016,1118.4
Tamil Nadu,Madurai,2017,1036.3
Tamil Nadu,Madurai,2018,891.7
Tamil Nadu,Madurai,2019,881.5
Tamil Nadu,Madurai,2020,1003.6
Tamil Nadu,Madurai,2021,1014.0
Tamil Nadu,Madurai,2022,1108.0
Tamil Nadu,Madurai,2023,1029.5
Tamil Nadu,Salem,2000,1076.9
Tamil Nadu,Salem,2001,992.9
Tamil Nadu,Salem,2002,907.6
Tamil Nadu,Salem,2003,850.1
Tamil Nadu,Salem,2004,879.4
Tamil Nadu,Salem,2005,976.3
Tamil Nadu,Salem,2006,818.2
Tamil Nadu,Salem,2007,1015.8
Tamil Nadu,Salem,2008,867.3
Tamil Nadu,Salem,2009,881.7
Tamil Nadu,Salem,2010,875.3
Tamil Nadu,Salem,2011,1009.5
Tamil Nadu,Salem,2012,976.4
Tamil Nadu,Salem,2013,938.6
Tamil Nadu,Salem,2014,950.1
Tamil Nadu,Salem,2015,1048.6
Tamil Nadu,Salem,2016,861.0
Tamil Nadu,Salem,2017,1012.1
Tamil Nadu,Salem,2018,720.5
Tamil Nadu,Salem,2019,996.8
Tamil Nadu,Salem,2020,941.1
Tamil Nadu,Salem,2021,899.9
Tamil Nadu,Salem,2022,856.2
Tamil Nadu,Salem,2023,1001.7
Tamil Nadu,Tiruchirappalli,2000,899.8
Tamil Nadu,Tiruchirappalli,2001,935.1
Tamil Nadu,Tiruchirappalli,2002,911.5
Tamil Nadu,Tiruchirappalli,2003,955.6
Tamil Nadu,Tiruchirappalli,2004,1016.6
Tamil Nadu,Tiruchirappalli,2005,1008.6
Tamil Nadu,Tiruchirappalli,2006,897.0
Tamil Nadu,Tiruchirappalli,2007,828.7
Tamil Nadu,Tiruchirappalli,2008,928.2
Tamil Nadu,Tiruchirappalli,2009,905.8
Tamil Nadu,Tiruchirappalli,2010,975.5
Tamil Nadu,Tiruchirappalli,2011,958.1
Tamil Nadu,Tiruchirappalli,2012,851.9
Tamil Nadu,Tiruchirappalli,2013,938.2
Tamil Nadu,Tiruchirappalli,2014,891.5
Tamil Nadu,Tiruchirappalli,2015,1010.1
Tamil Nadu,Tiruchirappalli,2016,871.6
Tamil Nadu,Tiruchirappalli,2017,996.2
Tamil Nadu,Tiruchirappalli,2018,901.5
Tamil Nadu,Tiruchirappalli,2019,1040.6
Tamil Nadu,Tiruchirappalli,2020,823.5
Tamil Nadu,Tiruchirappalli,2021,1027.3
Tamil Nadu,Tiruchirappalli,2022,1000.5
Tamil Nadu,Tiruchirappalli,2023,1052.0
Karnataka,Bengaluru,2000,990.3
Karnataka,Bengaluru,2001,930.0
Karnataka,Bengaluru,2002,1059.9
Karnataka,Bengaluru,2003,985.6
Karnataka,Bengaluru,2004,1075.0
Karnataka,Bengaluru,2005,1064.4
Karnataka,Bengaluru,2006,1065.0
Karnataka,Bengaluru,2007,888.7
Karnataka,Bengaluru,2008,990.6
Karnataka,Bengaluru,2009,1081.0
Karnataka,Bengaluru,2010,947.6
Karnataka,Bengaluru,2011,999.0
Karnataka,Bengaluru,2012,1022.6
Karnataka,Bengaluru,2013,1101.1
Karnataka,Bengaluru,2014,1034.8
Karnataka,Bengaluru,2015,1061.5
Karnataka,Bengaluru,2016,879.4
Karnataka,Bengaluru,2017,1002.4
Karnataka,Bengaluru,2018,979.3
Karnataka,Bengaluru,2019,1098.6
Karnataka,Bengaluru,2020,1058.0
Karnataka,Bengaluru,2021,899.6
Karnataka,Bengaluru,2022,1109.3
Karnataka,Bengaluru,2023,989.3
Karnataka,Mysuru,2000,1188.9
Karnataka,Mysuru,2001,807.1
Karnataka,Mysuru,2002,1087.0
Karnataka,Mysuru,2003,1082.0
Karnataka,Mysuru,2004,1129.1
Karnataka,Mysuru,2005,959.8
Karnataka,Mysuru,2006,874.3
Karnataka,Mysuru,2007,1059.6
Karnataka,Mysuru,2008,911.2
Karnataka,Mysuru,2009,917.3
Karnataka,Mysuru,2010,1015.5
Karnataka,Mysuru,2011,957.3
Karnataka,Mysuru,2012,1083.3
Karnataka,Mysuru,2013,1035.7
Karnataka,Mysuru,2014,970.6
Karnataka,Mysuru,2015,950.4
Karnataka,Mysuru,2016,977.0
Karnataka,Mysuru,2017,1064.6
Karnataka,Mysuru,2018,1021.3
Karnataka,Mysuru,2019,1106.8
Karnataka,Mysuru,2020,1062.7
Karnataka,Mysuru,2021,1195.0
Karnataka,Mysuru,2022,1042.6
Karnataka,Mysuru,2023,902.5
Karnataka,Hubli,2000,1002.6
Karnataka,Hubli,2001,1129.8
Karnataka,Hubli,2002,1052.0
Karnataka,Hubli,2003,1029.4
Karnataka,Hubli,2004,1046.9
Karnataka,Hubli,2005,905.6
Karnataka,Hubli,2006,926.7
Karnataka,Hubli,2007,995.0
Karnataka,Hubli,2008,1126.2
Karnataka,Hubli,2009,971.0
Karnataka,Hubli,2010,890.9
Karnataka,Hubli,2011,1156.3
Karnataka,Hubli,2012,1174.9
Karnataka,Hubli,2013,1180.0
Karnataka,Hubli,2014,1069.1
Karnataka,Hubli,2015,927.8
Karnataka,Hubli,2016,967.3
Karnataka,Hubli,2017,1001.9
Karnataka,Hubli,2018,1046.9
Karnataka,Hubli,2019,878.5
Karnataka,Hubli,2020,1084.1
Karnataka,Hubli,2021,989.8
Karnataka,Hubli,2022,912.4
Karnataka,Hubli,2023,1002.5
Karnataka,Mangaluru,2000,977.2
Karnataka,Mangaluru,2001,970.9
Karnataka,Mangaluru,2002,892.2
Karnataka,Mangaluru,2003,948.9
Karnataka,Mangaluru,2004,907.8
Karnataka,Mangaluru,2005,939.4
Karnataka,Mangaluru,2006,1121.5
Karnataka,Mangaluru,2007,917.0
Karnataka,Mangaluru,2008,1121.9
Karnataka,Mangaluru,2009,1050.1
Karnataka,Mangaluru,2010,923.1
Karnataka,Mangaluru,2011,1041.0
Karnataka,Mangaluru,2012,1022.5
Karnataka,Mangaluru,2013,858.9
Karnataka,Mangaluru,2014,963.2
Karnataka,Mangaluru,2015,918.0
Karnataka,Mangaluru,2016,1043.0
Karnataka,Mangaluru,2017,1105.1
Karnataka,Mangaluru,2018,1016.2
Karnataka,Mangaluru,2019,1077.8
Karnataka,Mangaluru,2020,922.3
Karnataka,Mangaluru,2021,1058.1
Karnataka,Mangaluru,2022,1020.7
Karnataka,Mangaluru,2023,1011.9
Karnataka,Belagavi,2000,988.1
Karnataka,Belagavi,2001,1135.1
Karnataka,Belagavi,2002,969.8
Karnataka,Belagavi,2003,988.4
Karnataka,Belagavi,2004,856.0
Karnataka,Belagavi,2005,1008.0
Karnataka,Belagavi,2006,1204.7
Karnataka,Belagavi,2007,1074.7
Karnataka,Belagavi,2008,964.2
Karnataka,Belagavi,2009,997.8
Karnataka,Belagavi,2010,1132.3
Karnataka,Belagavi,2011,905.9
Karnataka,Belagavi,2012,1149.8
Karnataka,Belagavi,2013,1081.6
Karnataka,Belagavi,2014,973.1
Karnataka,Belagavi,2015,1021.4
Karnataka,Belagavi,2016,1049.8
Karnataka,Belagavi,2017,983.0
Karnataka,Belagavi,2018,1127.5
Karnataka,Belagavi,2019,962.2
Karnataka,Belagavi,2020,873.8
Karnataka,Belagavi,2021,895.0
Karnataka,Belagavi,2022,1032.0
Karnataka,Belagavi,2023,957.9
Madhya Pradesh,Bhopal,2000,1137.2
Madhya Pradesh,Bhopal,2001,1176.0
Madhya Pradesh,Bhopal,2002,1137.0
Madhya Pradesh,Bhopal,2003,1128.8
Madhya Pradesh,Bhopal,2004,965.5
Madhya Pradesh,Bhopal,2005,1084.0
Madhya Pradesh,Bhopal,2006,1035.7
Madhya Pradesh,Bhopal,2007,1258.0
Madhya Pradesh,Bhopal,2008,970.5
Madhya Pradesh,Bhopal,2009,1200.5
Madhya Pradesh,Bhopal,2010,1154.4
Madhya Pradesh,Bhopal,2011,1140.6
Madhya Pradesh,Bhopal,2012,1077.0
Madhya Pradesh,Bhopal,2013,1107.5
Madhya Pradesh,Bhopal,2014,987.2
Madhya Pradesh,Bhopal,2015,1272.2
Madhya Pradesh,Bhopal,2016,1138.5
Madhya Pradesh,Bhopal,2017,1205.8
Madhya Pradesh,Bhopal,2018,1135.0
Madhya Pradesh,Bhopal,2019,1000.4
Madhya Pradesh,Bhopal,2020,1155.0
Madhya Pradesh,Bhopal,2021,1272.6
Madhya Pradesh,Bhopal,2022,1168.0
Madhya Pradesh,Bhopal,2023,1096.0
Madhya Pradesh,Indore,2000,1052.9
Madhya Pradesh,Indore,2001,1116.4
Madhya Pradesh,Indore,2002,1080.6
Madhya Pradesh,Indore,2003,1004.4
Madhya Pradesh,Indore,2004,1124.9
Madhya Pradesh,Indore,2005,1148.4
Madhya Pradesh,Indore,2006,1081.8
Madhya Pradesh,Indore,2007,1230.5
Madhya Pradesh,Indore,2008,1147.3
Madhya Pradesh,Indore,2009,1123.9
Madhya Pradesh,Indore,2010,1229.0
Madhya Pradesh,Indore,2011,1133.8
Madhya Pradesh,Indore,2012,1141.1
Madhya Pradesh,Indore,2013,1198.7
Madhya Pradesh,Indore,2014,1009.3
Madhya Pradesh,Indore,2015,1093.1
Madhya Pradesh,Indore,2016,1113.3
Madhya Pradesh,Indore,2017,1004.7
Madhya Pradesh,Indore,2018,1226.8
Madhya Pradesh,Indore,2019,1186.7
Madhya Pradesh,Indore,2020,1055.7
Madhya Pradesh,Indore,2021,1066.9
Madhya Pradesh,Indore,2022,1099.9
Madhya Pradesh,Indore,2023,1110.3
Madhya Pradesh,Gwalior,2000,1133.4
Madhya Pradesh,Gwalior,2001,950.3
Madhya Pradesh,Gwalior,2002,1075.9
Madhya Pradesh,Gwalior,2003,1178.1
Madhya Pradesh,Gwalior,2004,1076.6
Madhya Pradesh,Gwalior,2005,908.2
Madhya Pradesh,Gwalior,2006,1195.9
Madhya Pradesh,Gwalior,2007,1048.2
Madhya Pradesh,Gwalior,2008,1151.7
Madhya Pradesh,Gwalior,2009,1165.2
Madhya Pradesh,Gwalior,2010,1181.7
Madhya Pradesh,Gwalior,2011,1031.8
Madhya Pradesh,Gwalior,2012,1140.4
Madhya Pradesh,Gwalior,2013,1091.7
Madhya Pradesh,Gwalior,2014,1183.1
Madhya Pradesh,Gwalior,2015,1115.9
Madhya Pradesh,Gwalior,2016,1073.8
Madhya Pradesh,Gwalior,2017,1155.5
Madhya Pradesh,Gwalior,2018,1154.5
Madhya Pradesh,Gwalior,2019,1201.4
Madhya Pradesh,Gwalior,2020,1041.9
Madhya Pradesh,Gwalior,2021,1131.5
Madhya Pradesh,Gwalior,2022,1097.5
Madhya Pradesh,Gwalior,2023,1152.8
Madhya Pradesh,Jabalpur,2000,939.1
Madhya Pradesh,Jabalpur,2001,1027.6
Madhya Pradesh,Jabalpur,2002,1139.1
Madhya Pradesh,Jabalpur,2003,1086.6
Madhya Pradesh,Jabalpur,2004,1073.0
Madhya Pradesh,Jabalpur,2005,1013.4
Madhya Pradesh,Jabalpur,2006,1214.6
Madhya Pradesh,Jabalpur,2007,1145.1
Madhya Pradesh,Jabalpur,2008,1210.8
Madhya Pradesh,Jabalpur,2009,1106.0
Madhya Pradesh,Jabalpur,2010,1103.4
Madhya Pradesh,Jabalpur,2011,1109.5
Madhya Pradesh,Jabalpur,2012,1087.4
Madhya Pradesh,Jabalpur,2013,1085.9
Madhya Pradesh,Jabalpur,2014,1176.1
Madhya Pradesh,Jabalpur,2015,980.1
Madhya Pradesh,Jabalpur,2016,1163.9
Madhya Pradesh,Jabalpur,2017,1120.5
Madhya Pradesh,Jabalpur,2018,1069.2
Madhya Pradesh,Jabalpur,2019,1196.1
Madhya Pradesh,Jabalpur,2020,1200.7
Madhya Pradesh,Jabalpur,2021,1092.8
Madhya Pradesh,Jabalpur,2022,1278.9
Madhya Pradesh,Jabalpur,2023,1103.9
Madhya Pradesh,Ujjain,2000,1125.3
Madhya Pradesh,Ujjain,2001,1037.5
Madhya Pradesh,Ujjain,2002,1204.1
Madhya Pradesh,Ujjain,2003,1169.1
Madhya Pradesh,Ujjain,2004,1066.2
Madhya Pradesh,Ujjain,2005,1096.7
Madhya Pradesh,Ujjain,2006,1111.0
Madhya Pradesh,Ujjain,2007,1107.3
Madhya Pradesh,Ujjain,2008,1037.0
Madhya Pradesh,Ujjain,2009,1218.6
Madhya Pradesh,Ujjain,2010,1019.6
Madhya Pradesh,Ujjain,2011,1247.9
Madhya Pradesh,Ujjain,2012,1114.8
Madhya Pradesh,Ujjain,2013,1134.3
Madhya Pradesh,Ujjain,2014,1098.0
Madhya Pradesh,Ujjain,2015,1097.7
Madhya Pradesh,Ujjain,2016,1140.8
Madhya Pradesh,Ujjain,2017,1151.5
Madhya Pradesh,Ujjain,2018,1115.7
Madhya Pradesh,Ujjain,2019,1046.1
Madhya Pradesh,Ujjain,2020,1252.5
Madhya Pradesh,Ujjain,2021,1102.5
Madhya Pradesh,Ujjain,2022,1198.8
Madhya Pradesh,Ujjain,2023,1003.4
Andhra Pradesh,Visakhapatnam,2000,992.4
Andhra Pradesh,Visakhapatnam,2001,863.5
Andhra Pradesh,Visakhapatnam,2002,1020.9
Andhra Pradesh,Visakhapatnam,2003,882.2
Andhra Pradesh,Visakhapatnam,2004,847.1
Andhra Pradesh,Visakhapatnam,2005,930.1
Andhra Pradesh,Visakhapatnam,2006,1002.0
Andhra Pradesh,Visakhapatnam,2007,1040.4
Andhra Pradesh,Visakhapatnam,2008,1050.3
Andhra Pradesh,Visakhapatnam,2009,906.5
Andhra Pradesh,Visakhapatnam,2010,934.0
Andhra Pradesh,Visakhapatnam,2011,961.5
Andhra Pradesh,Visakhapatnam,2012,936.9
Andhra Pradesh,Visakhapatnam,2013,1107.3
Andhra Pradesh,Visakhapatnam,2014,952.6
Andhra Pradesh,Visakhapatnam,2015,920.5
Andhra Pradesh,Visakhapatnam,2016,1163.3
Andhra Pradesh,Visakhapatnam,2017,999.9
Andhra Pradesh,Visakhapatnam,2018,1064.3
Andhra Pradesh,Visakhapatnam,2019,922.2
Andhra Pradesh,Visakhapatnam,2020,999.0
Andhra Pradesh,Visakhapatnam,2021,938.3
Andhra Pradesh,Visakhapatnam,2022,1006.1
Andhra Pradesh,Visakhapatnam,2023,1111.5
Andhra Pradesh,Vijayawada,2000,934.8
Andhra Pradesh,Vijayawada,2001,960.6
Andhra Pradesh,Vijayawada,2002,955.5
Andhra Pradesh,Vijayawada,2003,814.9
Andhra Pradesh,Vijayawada,2004,1081.0
Andhra Pradesh,Vijayawada,2005,820.5
Andhra Pradesh,Vijayawada,2006,1189.6
Andhra Pradesh,Vijayawada,2007,858.3
Andhra Pradesh,Vijayawada,2008,870.6
Andhra Pradesh,Vijayawada,2009,961.4
Andhra Pradesh,Vijayawada,2010,899.1
Andhra Pradesh,Vijayawada,2011,872.2
Andhra Pradesh,Vijayawada,2012,1010.9
Andhra Pradesh,Vijayawada,2013,805.6
Andhra Pradesh,Vijayawada,2014,993.7
Andhra Pradesh,Vijayawada,2015,850.1
Andhra Pradesh,Vijayawada,2016,924.6
Andhra Pradesh,Vijayawada,2017,892.5
Andhra Pradesh,Vijayawada,2018,1065.0
Andhra Pradesh,Vijayawada,2019,1031.9
Andhra Pradesh,Vijayawada,2020,1130.9
Andhra Pradesh,Vijayawada,2021,1086.3
Andhra Pradesh,Vijayawada,2022,1026.2
Andhra Pradesh,Vijayawada,2023,964.4
Andhra Pradesh,Guntur,2000,968.1
Andhra Pradesh,Guntur,2001,871.7
Andhra Pradesh,Guntur,2002,898.8
Andhra Pradesh,Guntur,2003,973.2
Andhra Pradesh,Guntur,2004,863.2
Andhra Pradesh,Guntur,2005,928.7
Andhra Pradesh,Guntur,2006,1118.9
Andhra Pradesh,Guntur,2007,979.7
Andhra Pradesh,Guntur,2008,881.3
Andhra Pradesh,Guntur,2009,923.0
Andhra Pradesh,Guntur,2010,894.9
Andhra Pradesh,Guntur,2011,1049.7
Andhra Pradesh,Guntur,2012,968.8
Andhra Pradesh,Guntur,2013,1058.4
Andhra Pradesh,Guntur,2014,811.2
Andhra Pradesh,Guntur,2015,948.0
Andhra Pradesh,Guntur,2016,991.6
Andhra Pradesh,Guntur,2017,874.3
Andhra Pradesh,Guntur,2018,995.7
Andhra Pradesh,Guntur,2019,949.9
Andhra Pradesh,Guntur,2020,1107.7
Andhra Pradesh,Guntur,2021,848.6
Andhra Pradesh,Guntur,2022,1035.9
Andhra Pradesh,Guntur,2023,717.1
Andhra Pradesh,Nellore,2000,1029.9
Andhra Pradesh,Nellore,2001,1007.4
Andhra Pradesh,Nellore,2002,950.4
Andhra Pradesh,Nellore,2003,825.0
Andhra Pradesh,Nellore,2004,1055.1
Andhra Pradesh,Nellore,2005,875.7
Andhra Pradesh,Nellore,2006,876.8
Andhra Pradesh,Nellore,2007,920.3
Andhra Pradesh,Nellore,2008,934.0
Andhra Pradesh,Nellore,2009,892.4
Andhra Pradesh,Nellore,2010,994.2
Andhra Pradesh,Nellore,2011,1041.7
Andhra Pradesh,Nellore,2012,962.0
Andhra Pradesh,Nellore,2013,983.7
Andhra Pradesh,Nellore,2014,1001.1
Andhra Pradesh,Nellore,2015,968.9
Andhra Pradesh,Nellore,2016,942.0
Andhra Pradesh,Nellore,2017,1032.0
Andhra Pradesh,Nellore,2018,937.9
Andhra Pradesh,Nellore,2019,1008.9
Andhra Pradesh,Nellore,2020,924.4
Andhra Pradesh,Nellore,2021,967.1
Andhra Pradesh,Nellore,2022,981.0
Andhra Pradesh,Nellore,2023,1016.6
Andhra Pradesh,Kurnool,2000,950.2
Andhra Pradesh,Kurnool,2001,793.6
Andhra Pradesh,Kurnool,2002,999.3
Andhra Pradesh,Kurnool,2003,987.0
Andhra Pradesh,Kurnool,2004,1047.8
Andhra Pradesh,Kurnool,2005,1064.0
Andhra Pradesh,Kurnool,2006,1001.4
Andhra Pradesh,Kurnool,2007,986.0
Andhra Pradesh,Kurnool,2008,945.3
Andhra Pradesh,Kurnool,2009,1060.3
Andhra Pradesh,Kurnool,2010,867.1
Andhra Pradesh,Kurnool,2011,1006.8
Andhra Pradesh,Kurnool,2012,848.4
Andhra Pradesh,Kurnool,2013,945.4
Andhra Pradesh,Kurnool,2014,1090.2
Andhra Pradesh,Kurnool,2015,1031.4
Andhra Pradesh,Kurnool,2016,989.4
Andhra Pradesh,Kurnool,2017,887.7
Andhra Pradesh,Kurnool,2018,965.8
Andhra Pradesh,Kurnool,2019,986.4
Andhra Pradesh,Kurnool,2020,894.3
Andhra Pradesh,Kurnool,2021,873.6
Andhra Pradesh,Kurnool,2022,898.2
Andhra Pradesh,Kurnool,2023,984.3
Telangana,Hyderabad,2000,920.6
Telangana,Hyderabad,2001,813.3
Telangana,Hyderabad,2002,867.0
Telangana,Hyderabad,2003,864.9
Telangana,Hyderabad,2004,963.4
Telangana,Hyderabad,2005,817.3
Telangana,Hyderabad,2006,849.8
Telangana,Hyderabad,2007,847.5
Telangana,Hyderabad,2008,682.1
Telangana,Hyderabad,2009,1011.6
Telangana,Hyderabad,2010,995.3
Telangana,Hyderabad,2011,1096.4
Telangana,Hyderabad,2012,890.4
Telangana,Hyderabad,2013,1060.3
Telangana,Hyderabad,2014,858.5
Telangana,Hyderabad,2015,965.3
Telangana,Hyderabad,2016,1052.5
Telangana,Hyderabad,2017,984.5
Telangana,Hyderabad,2018,934.4
Telangana,Hyderabad,2019,840.4
Telangana,Hyderabad,2020,965.3
Telangana,Hyderabad,2021,942.6
Telangana,Hyderabad,2022,953.4
Telangana,Hyderabad,2023,767.6
Telangana,Warangal,2000,1027.4
Telangana,Warangal,2001,865.8
Telangana,Warangal,2002,938.8
Telangana,Warangal,2003,757.9
Telangana,Warangal,2004,934.8
Telangana,Warangal,2005,880.1
Telangana,Warangal,2006,744.7
Telangana,Warangal,2007,916.2
Telangana,Warangal,2008,913.9
Telangana,Warangal,2009,898.4
Telangana,Warangal,2010,909.8
Telangana,Warangal,2011,960.5
Telangana,Warangal,2012,770.3
Telangana,Warangal,2013,899.6
Telangana,Warangal,2014,997.1
Telangana,Warangal,2015,977.9
Telangana,Warangal,2016,1033.5
Telangana,Warangal,2017,875.9
Telangana,Warangal,2018,887.8
Telangana,Warangal,2019,795.0
Telangana,Warangal,2020,929.0
Telangana,Warangal,2021,814.6
Telangana,Warangal,2022,895.9
Telangana,Warangal,2023,966.2
Telangana,Nizamabad,2000,910.9
Telangana,Nizamabad,2001,704.3
Telangana,Nizamabad,2002,818.7
Telangana,Nizamabad,2003,904.9
Telangana,Nizamabad,2004,875.2
Telangana,Nizamabad,2005,951.1
Telangana,Nizamabad,2006,915.3
Telangana,Nizamabad,2007,802.7
Telangana,Nizamabad,2008,855.1
Telangana,Nizamabad,2009,959.7
Telangana,Nizamabad,2010,801.6
Telangana,Nizamabad,2011,822.5
Telangana,Nizamabad,2012,918.0
Telangana,Nizamabad,2013,1008.6
Telangana,Nizamabad,2014,1093.1
Telangana,Nizamabad,2015,885.1
Telangana,Nizamabad,2016,941.8
Telangana,Nizamabad,2017,885.6
Telangana,Nizamabad,2018,897.8
Telangana,Nizamabad,2019,857.0
Telangana,Nizamabad,2020,882.0
Telangana,Nizamabad,2021,991.3
Telangana,Nizamabad,2022,918.8
Telangana,Nizamabad,2023,894.1
Telangana,Karimnagar,2000,929.5
Telangana,Karimnagar,2001,980.7
Telangana,Karimnagar,2002,884.9
Telangana,Karimnagar,2003,762.0
Telangana,Karimnagar,2004,941.5
Telangana,Karimnagar,2005,813.9
Telangana,Karimnagar,2006,947.8
Telangana,Karimnagar,2007,927.2
Telangana,Karimnagar,2008,981.9
Telangana,Karimnagar,2009,818.2
Telangana,Karimnagar,2010,829.7
Telangana,Karimnagar,2011,958.1
Telangana,Karimnagar,2012,936.2
Telangana,Karimnagar,2013,879.1
Telangana,Karimnagar,2014,763.7
Telangana,Karimnagar,2015,889.1
Telangana,Karimnagar,2016,932.2
Telangana,Karimnagar,2017,824.1
Telangana,Karimnagar,2018,770.2
Telangana,Karimnagar,2019,896.9
Telangana,Karimnagar,2020,993.7
Telangana,Karimnagar,2021,1045.4
Telangana,Karimnagar,2022,941.0
Telangana,Karimnagar,2023,960.9
Telangana,Khammam,2000,828.1
Telangana,Khammam,2001,812.2
Telangana,Khammam,2002,938.2
Telangana,Khammam,2003,864.9
Telangana,Khammam,2004,941.4
Telangana,Khammam,2005,874.7
Telangana,Khammam,2006,1000.8
Telangana,Khammam,2007,806.2
Telangana,Khammam,2008,950.3
Telangana,Khammam,2009,924.8
Telangana,Khammam,2010,948.7
Telangana,Khammam,2011,1074.7
Telangana,Khammam,2012,935.9
Telangana,Khammam,2013,945.9
Telangana,Khammam,2014,926.0
Telangana,Khammam,2015,968.9
Telangana,Khammam,2016,863.1
Telangana,Khammam,2017,929.2
Telangana,Khammam,2018,887.5
Telangana,Khammam,2019,933.4
Telangana,Khammam,2020,808.9
Telangana,Khammam,2021,930.1
Telangana,Khammam,2022,936.7
Telangana,Khammam,2023,896.0
Odisha,Bhubaneswar,2000,1446.6
Odisha,Bhubaneswar,2001,1504.9
Odisha,Bhubaneswar,2002,1421.3
Odisha,Bhubaneswar,2003,1358.6
Odisha,Bhubaneswar,2004,1477.2
Odisha,Bhubaneswar,2005,1490.3
Odisha,Bhubaneswar,2006,1442.0
Odisha,Bhubaneswar,2007,1474.6
Odisha,Bhubaneswar,2008,1513.2
Odisha,Bhubaneswar,2009,1512.0
Odisha,Bhubaneswar,2010,1472.1
Odisha,Bhubaneswar,2011,1468.4
Odisha,Bhubaneswar,2012,1370.1
Odisha,Bhubaneswar,2013,1312.8
Odisha,Bhubaneswar,2014,1430.7
Odisha,Bhubaneswar,2015,1442.8
Odisha,Bhubaneswar,2016,1431.7
Odisha,Bhubaneswar,2017,1358.1
Odisha,Bhubaneswar,2018,1498.1
Odisha,Bhubaneswar,2019,1544.1
Odisha,Bhubaneswar,2020,1469.8
Odisha,Bhubaneswar,2021,1372.7
Odisha,Bhubaneswar,2022,1584.3
Odisha,Bhubaneswar,2023,1383.1
Odisha,Cuttack,2000,1411.4
Odisha,Cuttack,2001,1398.7
Odisha,Cuttack,2002,1446.9
Odisha,Cuttack,2003,1419.8
Odisha,Cuttack,2004,1392.0
Odisha,Cuttack,2005,1432.4
Odisha,Cuttack,2006,1535.7
Odisha,Cuttack,2007,1605.5
Odisha,Cuttack,2008,1448.7
Odisha,Cuttack,2009,1602.2
Odisha,Cuttack,2010,1454.0
Odisha,Cuttack,2011,1436.8
Odisha,Cuttack,2012,1458.7
Odisha,Cuttack,2013,1428.6
Odisha,Cuttack,2014,1488.0
Odisha,Cuttack,2015,1371.5
Odisha,Cuttack,2016,1538.8
Odisha,Cuttack,2017,1525.1
Odisha,Cuttack,2018,1510.9
Odisha,Cuttack,2019,1481.5
Odisha,Cuttack,2020,1428.5
Odisha,Cuttack,2021,1556.1
Odisha,Cuttack,2022,1370.7
Odisha,Cuttack,2023,1507.6
Odisha,Rourkela,2000,1477.0
Odisha,Rourkela,2001,1350.0
Odisha,Rourkela,2002,1495.0
Odisha,Rourkela,2003,1486.6
Odisha,Rourkela,2004,1383.5
Odisha,Rourkela,2005,1423.6
Odisha,Rourkela,2006,1595.3
Odisha,Rourkela,2007,1464.5
Odisha,Rourkela,2008,1460.2
Odisha,Rourkela,2009,1364.8
Odisha,Rourkela,2010,1490.2
Odisha,Rourkela,2011,1428.8
Odisha,Rourkela,2012,1626.4
Odisha,Rourkela,2013,1551.5
Odisha,Rourkela,2014,1400.3
Odisha,Rourkela,2015,1480.3
Odisha,Rourkela,2016,1462.6
Odisha,Rourkela,2017,1478.4
Odisha,Rourkela,2018,1408.3
Odisha,Rourkela,2019,1527.5
Odisha,Rourkela,2020,1523.5
Odisha,Rourkela,2021,1422.1
Odisha,Rourkela,2022,1557.1
Odisha,Rourkela,2023,1560.5
Odisha,Berhampur,2000,1458.6
Odisha,Berhampur,2001,1407.4
Odisha,Berhampur,2002,1455.5
Odisha,Berhampur,2003,1456.4
Odisha,Berhampur,2004,1411.9
Odisha,Berhampur,2005,1564.0
Odisha,Berhampur,2006,1433.9
Odisha,Berhampur,2007,1469.7
Odisha,Berhampur,2008,1545.1
Odisha,Berhampur,2009,1430.2
Odisha,Berhampur,2010,1425.9
Odisha,Berhampur,2011,1407.8
Odisha,Berhampur,2012,1482.6
Odisha,Berhampur,2013,1637.8
Odisha,Berhampur,2014,1519.0
Odisha,Berhampur,2015,1633.9
Odisha,Berhampur,2016,1607.4
Odisha,Berhampur,2017,1393.9
Odisha,Berhampur,2018,1534.8
Odisha,Berhampur,2019,1496.5
Odisha,Berhampur,2020,1463.6
Odisha,Berhampur,2021,1596.0
Odisha,Berhampur,2022,1474.0
Odisha,Berhampur,2023,1348.5
Odisha,Sambalpur,2000,1467.0
Odisha,Sambalpur,2001,1310.1
Odisha,Sambalpur,2002,1449.3
Odisha,Sambalpur,2003,1443.1
Odisha,Sambalpur,2004,1364.4
Odisha,Sambalpur,2005,1464.4
Odisha,Sambalpur,2006,1349.9
Odisha,Sambalpur,2007,1316.2
Odisha,Sambalpur,2008,1464.8
Odisha,Sambalpur,2009,1609.5
Odisha,Sambalpur,2010,1463.3
Odisha,Sambalpur,2011,1471.4
Odisha,Sambalpur,2012,1350.6
Odisha,Sambalpur,2013,1408.5
Odisha,Sambalpur,2014,1454.5
Odisha,Sambalpur,2015,1541.1
Odisha,Sambalpur,2016,1494.9
Odisha,Sambalpur,2017,1589.9
Odisha,Sambalpur,2018,1484.4
Odisha,Sambalpur,2019,1498.3
Odisha,Sambalpur,2020,1401.7
Odisha,Sambalpur,2021,1296.1
Odisha,Sambalpur,2022,1272.3
Odisha,Sambalpur,2023,1472.0
Jharkhand,Ranchi,2000,1126.9
Jharkhand,Ranchi,2001,1224.9
Jharkhand,Ranchi,2002,1237.9
Jharkhand,Ranchi,2003,1249.0
Jharkhand,Ranchi,2004,1253.6
Jharkhand,Ranchi,2005,1201.9
Jharkhand,Ranchi,2006,1218.9
Jharkhand,Ranchi,2007,1319.3
Jharkhand,Ranchi,2008,1278.9
Jharkhand,Ranchi,2009,1200.4
Jharkhand,Ranchi,2010,1141.5
Jharkhand,Ranchi,2011,1300.7
Jharkhand,Ranchi,2012,1102.6
Jharkhand,Ranchi,2013,1159.4
Jharkhand,Ranchi,2014,1253.9
Jharkhand,Ranchi,2015,1189.4
Jharkhand,Ranchi,2016,1196.6
Jharkhand,Ranchi,2017,1291.8
Jharkhand,Ranchi,2018,1249.9
Jharkhand,Ranchi,2019,1302.8
Jharkhand,Ranchi,2020,1229.0
Jharkhand,Ranchi,2021,1282.5
Jharkhand,Ranchi,2022,1177.3
Jharkhand,Ranchi,2023,1209.8
Jharkhand,Jamshedpur,2000,1131.8
Jharkhand,Jamshedpur,2001,1185.9
Jharkhand,Jamshedpur,2002,1250.3
Jharkhand,Jamshedpur,2003,1082.4
Jharkhand,Jamshedpur,2004,1219.3
Jharkhand,Jamshedpur,2005,1038.9
Jharkhand,Jamshedpur,2006,1266.6
Jharkhand,Jamshedpur,2007,1323.4
Jharkhand,Jamshedpur,2008,1162.1
Jharkhand,Jamshedpur,2009,1197.5
Jharkhand,Jamshedpur,2010,1256.9
Jharkhand,Jamshedpur,2011,1145.9
Jharkhand,Jamshedpur,2012,1245.6
Jharkhand,Jamshedpur,2013,1103.9
Jharkhand,Jamshedpur,2014,1160.9
Jharkhand,Jamshedpur,2015,1358.2
Jharkhand,Jamshedpur,2016,1134.2
Jharkhand,Jamshedpur,2017,1255.0
Jharkhand,Jamshedpur,2018,1264.1
Jharkhand,Jamshedpur,2019,1171.2
Jharkhand,Jamshedpur,2020,1296.8
Jharkhand,Jamshedpur,2021,1218.4
Jharkhand,Jamshedpur,2022,1147.0
Jharkhand,Jamshedpur,2023,1244.5
Jharkhand,Dhanbad,2000,1170.4
Jharkhand,Dhanbad,2001,1163.1
Jharkhand,Dhanbad,2002,1234.5
Jharkhand,Dhanbad,2003,1383.5
Jharkhand,Dhanbad,2004,1294.1
Jharkhand,Dhanbad,2005,1248.0
Jharkhand,Dhanbad,2006,1300.9
Jharkhand,Dhanbad,2007,1168.2
Jharkhand,Dhanbad,2008,1369.0
Jharkhand,Dhanbad,2009,1215.4
Jharkhand,Dhanbad,2010,1340.8
Jharkhand,Dhanbad,2011,1203.4
Jharkhand,Dhanbad,2012,1097.7
Jharkhand,Dhanbad,2013,1259.7
Jharkhand,Dhanbad,2014,1160.7
Jharkhand,Dhanbad,2015,1031.1
Jharkhand,Dhanbad,2016,1197.4
Jharkhand,Dhanbad,2017,1106.6
Jharkhand,Dhanbad,2018,1268.1
Jharkhand,Dhanbad,2019,1253.8
Jharkhand,Dhanbad,2020,1199.4
Jharkhand,Dhanbad,2021,1310.1
Jharkhand,Dhanbad,2022,1302.0
Jharkhand,Dhanbad,2023,1135.2
Jharkhand,Bokaro,2000,1139.6
Jharkhand,Bokaro,2001,1352.3
Jharkhand,Bokaro,2002,1174.8
Jharkhand,Bokaro,2003,1232.3
Jharkhand,Bokaro,2004,1232.7
Jharkhand,Bokaro,2005,1253.6
Jharkhand,Bokaro,2006,1196.9
Jharkhand,Bokaro,2007,1241.2
Jharkhand,Bokaro,2008,1276.5
Jharkhand,Bokaro,2009,1196.1
Jharkhand,Bokaro,2010,1247.6
Jharkhand,Bokaro,2011,1142.5
Jharkhand,Bokaro,2012,1139.5
Jharkhand,Bokaro,2013,1302.5
Jharkhand,Bokaro,2014,1164.8
Jharkhand,Bokaro,2015,1213.5
Jharkhand,Bokaro,2016,1169.0
Jharkhand,Bokaro,2017,1125.9
Jharkhand,Bokaro,2018,1227.6
Jharkhand,Bokaro,2019,1148.1
Jharkhand,Bokaro,2020,1340.8
Jharkhand,Bokaro,2021,1127.9
Jharkhand,Bokaro,2022,1236.7
Jharkhand,Bokaro,2023,1114.7
Jharkhand,Hazaribagh,2000,1153.2
Jharkhand,Hazaribagh,2001,1209.4
Jharkhand,Hazaribagh,2002,1145.9
Jharkhand,Hazaribagh,2003,1174.3
Jharkhand,Hazaribagh,2004,1135.3
Jharkhand,Hazaribagh,2005,1236.8
Jharkhand,Hazaribagh,2006,1200.2
Jharkhand,Hazaribagh,2007,1102.3
Jharkhand,Hazaribagh,2008,1293.3
Jharkhand,Hazaribagh,2009,1271.2
Jharkhand,Hazaribagh,2010,1296.1
Jharkhand,Hazaribagh,2011,1147.7
Jharkhand,Hazaribagh,2012,1155.2
Jharkhand,Hazaribagh,2013,1302.1
Jharkhand,Hazaribagh,2014,1337.4
Jharkhand,Hazaribagh,2015,1276.4
Jharkhand,Hazaribagh,2016,1201.0
Jharkhand,Hazaribagh,2017,1288.8
Jharkhand,Hazaribagh,2018,1167.0
Jharkhand,Hazaribagh,2019,1307.8
Jharkhand,Hazaribagh,2020,1246.2
Jharkhand,Hazaribagh,2021,1181.9
Jharkhand,Hazaribagh,2022,1254.5
Jharkhand,Hazaribagh,2023,1275.2
Chhattisgarh,Raipur,2000,1254.0
Chhattisgarh,Raipur,2001,1268.8
Chhattisgarh,Raipur,2002,1316.4
Chhattisgarh,Raipur,2003,1367.9
Chhattisgarh,Raipur,2004,1268.7
Chhattisgarh,Raipur,2005,1394.9
Chhattisgarh,Raipur,2006,1344.1
Chhattisgarh,Raipur,2007,1276.4
Chhattisgarh,Raipur,2008,1385.3
Chhattisgarh,Raipur,2009,1373.9
Chhattisgarh,Raipur,2010,1316.3
Chhattisgarh,Raipur,2011,1215.0
Chhattisgarh,Raipur,2012,1261.5
Chhattisgarh,Raipur,2013,1152.9
Chhattisgarh,Raipur,2014,1299.3
Chhattisgarh,Raipur,2015,1297.0
Chhattisgarh,Raipur,2016,1115.8
Chhattisgarh,Raipur,2017,1394.2
Chhattisgarh,Raipur,2018,1269.1
Chhattisgarh,Raipur,2019,1325.9
Chhattisgarh,Raipur,2020,1310.5
Chhattisgarh,Raipur,2021,1302.2
Chhattisgarh,Raipur,2022,1400.4
Chhattisgarh,Raipur,2023,1190.6
Chhattisgarh,Bhilai,2000,1359.5
Chhattisgarh,Bhilai,2001,1286.3
Chhattisgarh,Bhilai,2002,1294.9
Chhattisgarh,Bhilai,2003,1314.2
Chhattisgarh,Bhilai,2004,1297.1
Chhattisgarh,Bhilai,2005,1344.2
Chhattisgarh,Bhilai,2006,1240.6
Chhattisgarh,Bhilai,2007,1311.5
Chhattisgarh,Bhilai,2008,1321.1
Chhattisgarh,Bhilai,2009,1332.4
Chhattisgarh,Bhilai,2010,1350.9
Chhattisgarh,Bhilai,2011,1345.5
Chhattisgarh,Bhilai,2012,1406.3
Chhattisgarh,Bhilai,2013,1268.0
Chhattisgarh,Bhilai,2014,1319.7
Chhattisgarh,Bhilai,2015,1303.9
Chhattisgarh,Bhilai,2016,1245.3
Chhattisgarh,Bhilai,2017,1381.1
Chhattisgarh,Bhilai,2018,1364.7
Chhattisgarh,Bhilai,2019,1300.8
Chhattisgarh,Bhilai,2020,1310.2
Chhattisgarh,Bhilai,2021,1320.5
Chhattisgarh,Bhilai,2022,1415.1
Chhattisgarh,Bhilai,2023,1352.7
Chhattisgarh,Bilaspur,2000,1199.5
Chhattisgarh,Bilaspur,2001,1205.1
Chhattisgarh,Bilaspur,2002,1422.5
Chhattisgarh,Bilaspur,2003,1362.0
Chhattisgarh,Bilaspur,2004,1371.3
Chhattisgarh,Bilaspur,2005,1294.6
Chhattisgarh,Bilaspur,2006,1344.5
Chhattisgarh,Bilaspur,2007,1344.6
Chhattisgarh,Bilaspur,2008,1304.1
Chhattisgarh,Bilaspur,2009,1428.5
Chhattisgarh,Bilaspur,2010,1273.9
Chhattisgarh,Bilaspur,2011,1156.2
Chhattisgarh,Bilaspur,2012,1383.8
Chhattisgarh,Bilaspur,2013,1428.6
Chhattisgarh,Bilaspur,2014,1288.9
Chhattisgarh,Bilaspur,2015,1238.9
Chhattisgarh,Bilaspur,2016,1226.1
Chhattisgarh,Bilaspur,2017,1397.2
Chhattisgarh,Bilaspur,2018,1238.9
Chhattisgarh,Bilaspur,2019,1237.8
Chhattisgarh,Bilaspur,2020,1314.8
Chhattisgarh,Bilaspur,2021,1465.7
Chhattisgarh,Bilaspur,2022,1276.3
Chhattisgarh,Bilaspur,2023,1277.4
Chhattisgarh,Korba,2000,1200.5
Chhattisgarh,Korba,2001,1310.7
Chhattisgarh,Korba,2002,1328.3
Chhattisgarh,Korba,2003,1287.4
Chhattisgarh,Korba,2004,1323.1
Chhattisgarh,Korba,2005,1275.6
Chhattisgarh,Korba,2006,1358.6
Chhattisgarh,Korba,2007,1238.6
Chhattisgarh,Korba,2008,1214.8
Chhattisgarh,Korba,2009,1221.8
Chhattisgarh,Korba,2010,1501.8
Chhattisgarh,Korba,2011,1387.9
Chhattisgarh,Korba,2012,1289.8
Chhattisgarh,Korba,2013,1274.1
Chhattisgarh,Korba,2014,1405.5
Chhattisgarh,Korba,2015,1352.1
Chhattisgarh,Korba,2016,1254.5
Chhattisgarh,Korba,2017,1156.0
Chhattisgarh,Korba,2018,1341.5
Chhattisgarh,Korba,2019,1276.8
Chhattisgarh,Korba,2020,1505.0
Chhattisgarh,Korba,2021,1424.2
Chhattisgarh,Korba,2022,1389.1
Chhattisgarh,Korba,2023,1248.0
Chhattisgarh,Durg,2000,1238.0
Chhattisgarh,Durg,2001,1270.2
Chhattisgarh,Durg,2002,1340.5
Chhattisgarh,Durg,2003,1294.3
Chhattisgarh,Durg,2004,1442.2
Chhattisgarh,Durg,2005,1368.4
Chhattisgarh,Durg,2006,1258.8
Chhattisgarh,Durg,2007,1255.9
Chhattisgarh,Durg,2008,1206.5
Chhattisgarh,Durg,2009,1402.1
Chhattisgarh,Durg,2010,1350.6
Chhattisgarh,Durg,2011,1398.2
Chhattisgarh,Durg,2012,1178.6
Chhattisgarh,Durg,2013,1346.4
Chhattisgarh,Durg,2014,1321.6
Chhattisgarh,Durg,2015,1324.3
Chhattisgarh,Durg,2016,1277.6
Chhattisgarh,Durg,2017,1416.6
Chhattisgarh,Durg,2018,1364.7
Chhattisgarh,Durg,2019,1354.1
Chhattisgarh,Durg,2020,1422.5
Chhattisgarh,Durg,2021,1366.2
Chhattisgarh,Durg,2022,1219.2
Chhattisgarh,Durg,2023,1500.6
Himachal Pradesh,Shimla,2000,1557.8
Himachal Pradesh,Shimla,2001,1576.3
Himachal Pradesh,Shimla,2002,1518.5
Himachal Pradesh,Shimla,2003,1492.2
Himachal Pradesh,Shimla,2004,1501.7
Himachal Pradesh,Shimla,2005,1463.2
Himachal Pradesh,Shimla,2006,1585.1
Himachal Pradesh,Shimla,2007,1550.9
Himachal Pradesh,Shimla,2008,1560.7
Himachal Pradesh,Shimla,2009,1605.7
Himachal Pradesh,Shimla,2010,1511.4
Himachal Pradesh,Shimla,2011,1540.6
Himachal Pradesh,Shimla,2012,1493.2
Himachal Pradesh,Shimla,2013,1670.4
Himachal Pradesh,Shimla,2014,1664.2
Himachal Pradesh,Shimla,2015,1486.2
Himachal Pradesh,Shimla,2016,1554.6
Himachal Pradesh,Shimla,2017,1571.3
Himachal Pradesh,Shimla,2018,1598.6
Himachal Pradesh,Shimla,2019,1709.1
Himachal Pradesh,Shimla,2020,1415.8
Himachal Pradesh,Shimla,2021,1531.1
Himachal Pradesh,Shimla,2022,1522.1
Himachal Pradesh,Shimla,2023,1511.5
Himachal Pradesh,Dharamshala,2000,1556.6
Himachal Pradesh,Dharamshala,2001,1503.2
Himachal Pradesh,Dharamshala,2002,1428.8
Himachal Pradesh,Dharamshala,2003,1666.6
Himachal Pradesh,Dharamshala,2004,1516.4
Himachal Pradesh,Dharamshala,2005,1699.2
Himachal Pradesh,Dharamshala,2006,1516.7
Himachal Pradesh,Dharamshala,2007,1416.1
Himachal Pradesh,Dharamshala,2008,1510.2
Himachal Pradesh,Dharamshala,2009,1506.7
Himachal Pradesh,Dharamshala,2010,1363.0
Himachal Pradesh,Dharamshala,2011,1502.3
Himachal Pradesh,Dharamshala,2012,1553.9
Himachal Pradesh,Dharamshala,2013,1502.4
Himachal Pradesh,Dharamshala,2014,1609.6
Himachal Pradesh,Dharamshala,2015,1507.6
Himachal Pradesh,Dharamshala,2016,1489.0
Himachal Pradesh,Dharamshala,2017,1497.3
Himachal Pradesh,Dharamshala,2018,1719.5
Himachal Pradesh,Dharamshala,2019,1538.4
Himachal Pradesh,Dharamshala,2020,1578.1
Himachal Pradesh,Dharamshala,2021,1555.4
Himachal Pradesh,Dharamshala,2022,1576.1
Himachal Pradesh,Dharamshala,2023,1500.3
Himachal Pradesh,Mandi,2000,1499.0
Himachal Pradesh,Mandi,2001,1519.5
Himachal Pradesh,Mandi,2002,1435.2
Himachal Pradesh,Mandi,2003,1467.6
Himachal Pradesh,Mandi,2004,1469.5
Himachal Pradesh,Mandi,2005,1416.8
Himachal Pradesh,Mandi,2006,1502.5
Himachal Pradesh,Mandi,2007,1530.7
Himachal Pradesh,Mandi,2008,1432.8
Himachal Pradesh,Mandi,2009,1475.6
Himachal Pradesh,Mandi,2010,1396.0
Himachal Pradesh,Mandi,2011,1298.7
Himachal Pradesh,Mandi,2012,1527.2
Himachal Pradesh,Mandi,2013,1516.3
Himachal Pradesh,Mandi,2014,1496.5
Himachal Pradesh,Mandi,2015,1449.1
Himachal Pradesh,Mandi,2016,1496.1
Himachal Pradesh,Mandi,2017,1497.8
Himachal Pradesh,Mandi,2018,1597.1
Himachal Pradesh,Mandi,2019,1626.6
Himachal Pradesh,Mandi,2020,1496.1
Himachal Pradesh,Mandi,2021,1471.4
Himachal Pradesh,Mandi,2022,1634.1
Himachal Pradesh,Mandi,2023,1439.3
Himachal Pradesh,Solan,2000,1381.9
Himachal Pradesh,Solan,2001,1485.5
Himachal Pradesh,Solan,2002,1521.4
Himachal Pradesh,Solan,2003,1601.5
Himachal Pradesh,Solan,2004,1463.5
Himachal Pradesh,Solan,2005,1474.3
Himachal Pradesh,Solan,2006,1658.6
Himachal Pradesh,Solan,2007,1551.7
Himachal Pradesh,Solan,2008,1630.7
Himachal Pradesh,Solan,2009,1598.9
Himachal Pradesh,Solan,2010,1577.7
Himachal Pradesh,Solan,2011,1577.4
Himachal Pradesh,Solan,2012,1458.7
Himachal Pradesh,Solan,2013,1540.5
Himachal Pradesh,Solan,2014,1507.8
Himachal Pradesh,Solan,2015,1548.1
Himachal Pradesh,Solan,2016,1588.2
Himachal Pradesh,Solan,2017,1563.5
Himachal Pradesh,Solan,2018,1478.3
Himachal Pradesh,Solan,2019,1368.4
Himachal Pradesh,Solan,2020,1418.7
Himachal Pradesh,Solan,2021,1457.4
Himachal Pradesh,Solan,2022,1382.3
Himachal Pradesh,Solan,2023,1548.2
Himachal Pradesh,Kullu,2000,1341.8
Himachal Pradesh,Kullu,2001,1391.2
Himachal Pradesh,Kullu,2002,1565.0
Himachal Pradesh,Kullu,2003,1539.2
Himachal Pradesh,Kullu,2004,1668.3
Himachal Pradesh,Kullu,2005,1625.6
Himachal Pradesh,Kullu,2006,1672.3
Himachal Pradesh,Kullu,2007,1576.0
Himachal Pradesh,Kullu,2008,1462.9
Himachal Pradesh,Kullu,2009,1392.4
Himachal Pradesh,Kullu,2010,1538.4
Himachal Pradesh,Kullu,2011,1577.5
Himachal Pradesh,Kullu,2012,1621.0
Himachal Pradesh,Kullu,2013,1580.5
Himachal Pradesh,Kullu,2014,1639.5
Himachal Pradesh,Kullu,2015,1340.9
Himachal Pradesh,Kullu,2016,1426.6
Himachal Pradesh,Kullu,2017,1565.9
Himachal Pradesh,Kullu,2018,1385.6
Himachal Pradesh,Kullu,2019,1530.0
Himachal Pradesh,Kullu,2020,1548.3
Himachal Pradesh,Kullu,2021,1563.3
Himachal Pradesh,Kullu,2022,1429.4
Himachal Pradesh,Kullu,2023,1691.0
Uttarakhand,Dehradun,2000,1715.4
Uttarakhand,Dehradun,2001,1643.6
Uttarakhand,Dehradun,2002,1603.7
Uttarakhand,Dehradun,2003,1651.5
Uttarakhand,Dehradun,2004,1685.1
Uttarakhand,Dehradun,2005,1575.7
Uttarakhand,Dehradun,2006,1660.9
Uttarakhand,Dehradun,2007,1458.9
Uttarakhand,Dehradun,2008,1666.4
Uttarakhand,Dehradun,2009,1699.5
Uttarakhand,Dehradun,2010,1717.5
Uttarakhand,Dehradun,2011,1775.2
Uttarakhand,Dehradun,2012,1485.7
Uttarakhand,Dehradun,2013,1793.4
Uttarakhand,Dehradun,2014,1733.4
Uttarakhand,Dehradun,2015,1726.3
Uttarakhand,Dehradun,2016,1811.6
Uttarakhand,Dehradun,2017,1528.0
Uttarakhand,Dehradun,2018,1586.5
Uttarakhand,Dehradun,2019,1534.6
Uttarakhand,Dehradun,2020,1700.0
Uttarakhand,Dehradun,2021,1678.1
Uttarakhand,Dehradun,2022,1499.4
Uttarakhand,Dehradun,2023,1672.6
Uttarakhand,Haridwar,2000,1564.8
Uttarakhand,Haridwar,2001,1728.2
Uttarakhand,Haridwar,2002,1628.5
Uttarakhand,Haridwar,2003,1573.0
Uttarakhand,Haridwar,2004,1638.0
Uttarakhand,Haridwar,2005,1575.2
Uttarakhand,Haridwar,2006,1460.8
Uttarakhand,Haridwar,2007,1662.6
Uttarakhand,Haridwar,2008,1668.8
Uttarakhand,Haridwar,2009,1713.2
Uttarakhand,Haridwar,2010,1720.7
Uttarakhand,Haridwar,2011,1651.1
Uttarakhand,Haridwar,2012,1616.0
Uttarakhand,Haridwar,2013,1513.9
Uttarakhand,Haridwar,2014,1572.5
Uttarakhand,Haridwar,2015,1656.4
Uttarakhand,Haridwar,2016,1541.0
Uttarakhand,Haridwar,2017,1623.2
Uttarakhand,Haridwar,2018,1634.2
Uttarakhand,Haridwar,2019,1643.8
Uttarakhand,Haridwar,2020,1630.7
Uttarakhand,Haridwar,2021,1569.3
Uttarakhand,Haridwar,2022,1533.8
Uttarakhand,Haridwar,2023,1589.3
Uttarakhand,Roorkee,2000,1542.0
Uttarakhand,Roorkee,2001,1528.7
Uttarakhand,Roorkee,2002,1765.2
Uttarakhand,Roorkee,2003,1711.9
Uttarakhand,Roorkee,2004,1633.2
Uttarakhand,Roorkee,2005,1713.5
Uttarakhand,Roorkee,2006,1490.9
Uttarakhand,Roorkee,2007,1598.7
Uttarakhand,Roorkee,2008,1678.9
Uttarakhand,Roorkee,2009,1593.3
Uttarakhand,Roorkee,2010,1695.4
Uttarakhand,Roorkee,2011,1545.7
Uttarakhand,Roorkee,2012,1522.1
Uttarakhand,Roorkee,2013,1810.0
Uttarakhand,Roorkee,2014,1749.5
Uttarakhand,Roorkee,2015,1604.9
Uttarakhand,Roorkee,2016,1594.9
Uttarakhand,Roorkee,2017,1584.3
Uttarakhand,Roorkee,2018,1744.2
Uttarakhand,Roorkee,2019,1579.5
Uttarakhand,Roorkee,2020,1697.1
Uttarakhand,Roorkee,2021,1681.6
Uttarakhand,Roorkee,2022,1734.0
Uttarakhand,Roorkee,2023,1552.2
Uttarakhand,Haldwani,2000,1478.1
Uttarakhand,Haldwani,2001,1697.0
Uttarakhand,Haldwani,2002,1540.6
Uttarakhand,Haldwani,2003,1669.9
Uttarakhand,Haldwani,2004,1757.5
Uttarakhand,Haldwani,2005,1689.5
Uttarakhand,Haldwani,2006,1730.9
Uttarakhand,Haldwani,2007,1595.7
Uttarakhand,Haldwani,2008,1702.0
Uttarakhand,Haldwani,2009,1609.8
Uttarakhand,Haldwani,2010,1584.7
Uttarakhand,Haldwani,2011,1689.3
Uttarakhand,Haldwani,2012,1546.9
Uttarakhand,Haldwani,2013,1660.9
Uttarakhand,Haldwani,2014,1725.7
Uttarakhand,Haldwani,2015,1597.5
Uttarakhand,Haldwani,2016,1658.0
Uttarakhand,Haldwani,2017,1587.9
Uttarakhand,Haldwani,2018,1485.1
Uttarakhand,Haldwani,2019,1547.4
Uttarakhand,Haldwani,2020,1600.4
Uttarakhand,Haldwani,2021,1613.8
Uttarakhand,Haldwani,2022,1595.0
Uttarakhand,Haldwani,2023,1480.4
Uttarakhand,Rishikesh,2000,1689.5
Uttarakhand,Rishikesh,2001,1598.7
Uttarakhand,Rishikesh,2002,1633.7
Uttarakhand,Rishikesh,2003,1592.1
Uttarakhand,Rishikesh,2004,1598.0
Uttarakhand,Rishikesh,2005,1668.8
Uttarakhand,Rishikesh,2006,1634.4
Uttarakhand,Rishikesh,2007,1673.4
Uttarakhand,Rishikesh,2008,1753.8
Uttarakhand,Rishikesh,2009,1483.3
Uttarakhand,Rishikesh,2010,1601.0
Uttarakhand,Rishikesh,2011,1586.9
Uttarakhand,Rishikesh,2012,1574.1
Uttarakhand,Rishikesh,2013,1607.1
Uttarakhand,Rishikesh,2014,1658.9
Uttarakhand,Rishikesh,2015,1644.0
Uttarakhand,Rishikesh,2016,1531.8
Uttarakhand,Rishikesh,2017,1516.9
Uttarakhand,Rishikesh,2018,1644.9
Uttarakhand,Rishikesh,2019,1601.2
Uttarakhand,Rishikesh,2020,1571.8
Uttarakhand,Rishikesh,2021,1470.0
Uttarakhand,Rishikesh,2022,1561.6
Uttarakhand,Rishikesh,2023,1593.4
Kerala,Thiruvananthapuram,2000,3004.5
Kerala,Thiruvananthapuram,2001,2945.7
Kerala,Thiruvananthapuram,2002,2927.0
Kerala,Thiruvananthapuram,2003,2895.0
Kerala,Thiruvananthapuram,2004,2810.8
Kerala,Thiruvananthapuram,2005,2862.5
Kerala,Thiruvananthapuram,2006,2753.8
Kerala,Thiruvananthapuram,2007,2757.3
Kerala,Thiruvananthapuram,2008,3005.6
Kerala,Thiruvananthapuram,2009,2855.5
Kerala,Thiruvananthapuram,2010,2904.1
Kerala,Thiruvananthapuram,2011,3029.6
Kerala,Thiruvananthapuram,2012,2899.1
Kerala,Thiruvananthapuram,2013,3009.9
Kerala,Thiruvananthapuram,2014,2908.7
Kerala,Thiruvananthapuram,2015,2829.7
Kerala,Thiruvananthapuram,2016,2970.4
Kerala,Thiruvananthapuram,2017,2732.6
Kerala,Thiruvananthapuram,2018,2794.0
Kerala,Thiruvananthapuram,2019,2849.9
Kerala,Thiruvananthapuram,2020,3012.6
Kerala,Thiruvananthapuram,2021,2994.3
Kerala,Thiruvananthapuram,2022,2974.4
Kerala,Thiruvananthapuram,2023,3015.1
Kerala,Kochi,2000,2897.0
Kerala,Kochi,2001,2910.1
Kerala,Kochi,2002,2784.7
Kerala,Kochi,2003,2988.0
Kerala,Kochi,2004,3065.0
Kerala,Kochi,2005,2921.0
Kerala,Kochi,2006,3050.3
Kerala,Kochi,2007,2892.5
Kerala,Kochi,2008,2862.6
Kerala,Kochi,2009,2769.3
Kerala,Kochi,2010,2735.1
Kerala,Kochi,2011,2833.1
Kerala,Kochi,2012,2947.8
Kerala,Kochi,2013,2784.1
Kerala,Kochi,2014,2797.0
Kerala,Kochi,2015,2933.9
Kerala,Kochi,2016,3010.6
Kerala,Kochi,2017,2900.6
Kerala,Kochi,2018,2989.6
Kerala,Kochi,2019,2862.4
Kerala,Kochi,2020,3099.1
Kerala,Kochi,2021,2801.9
Kerala,Kochi,2022,2874.8
Kerala,Kochi,2023,2917.0
Kerala,Kozhikode,2000,2791.7
Kerala,Kozhikode,2001,2872.7
Kerala,Kozhikode,2002,2943.8
Kerala,Kozhikode,2003,2835.2
Kerala,Kozhikode,2004,2877.6
Kerala,Kozhikode,2005,2886.0
Kerala,Kozhikode,2006,2813.3
Kerala,Kozhikode,2007,2913.7
Kerala,Kozhikode,2008,2748.4
Kerala,Kozhikode,2009,2799.0
Kerala,Kozhikode,2010,2858.1
Kerala,Kozhikode,2011,3131.6
Kerala,Kozhikode,2012,2859.4
Kerala,Kozhikode,2013,2916.5
Kerala,Kozhikode,2014,2921.7
Kerala,Kozhikode,2015,3054.5
Kerala,Kozhikode,2016,2925.2
Kerala,Kozhikode,2017,3006.4
Kerala,Kozhikode,2018,2861.8
Kerala,Kozhikode,2019,2983.0
Kerala,Kozhikode,2020,2897.8
Kerala,Kozhikode,2021,2863.0
Kerala,Kozhikode,2022,2937.2
Kerala,Kozhikode,2023,3055.2
Kerala,Thrissur,2000,2840.0
Kerala,Thrissur,2001,3036.3
Kerala,Thrissur,2002,2915.4
Kerala,Thrissur,2003,3094.8
Kerala,Thrissur,2004,2844.5
Kerala,Thrissur,2005,2965.6
Kerala,Thrissur,2006,2964.4
Kerala,Thrissur,2007,2866.1
Kerala,Thrissur,2008,2911.4
Kerala,Thrissur,2009,2899.0
Kerala,Thrissur,2010,2860.5
Kerala,Thrissur,2011,2810.2
Kerala,Thrissur,2012,2908.2
Kerala,Thrissur,2013,2967.5
Kerala,Thrissur,2014,2990.9
Kerala,Thrissur,2015,2886.4
Kerala,Thrissur,2016,2860.1
Kerala,Thrissur,2017,2944.3
Kerala,Thrissur,2018,2914.2
Kerala,Thrissur,2019,2901.7
Kerala,Thrissur,2020,2837.7
Kerala,Thrissur,2021,2931.4
Kerala,Thrissur,2022,2842.2
Kerala,Thrissur,2023,3044.0
Kerala,Kollam,2000,2944.2
Kerala,Kollam,2001,2937.0
Kerala,Kollam,2002,2730.2
Kerala,Kollam,2003,2940.4
Kerala,Kollam,2004,2840.3
Kerala,Kollam,2005,2953.6
Kerala,Kollam,2006,2991.9
Kerala,Kollam,2007,2925.3
Kerala,Kollam,2008,2962.7
Kerala,Kollam,2009,2860.0
Kerala,Kollam,2010,2927.5
Kerala,Kollam,2011,2924.5
Kerala,Kollam,2012,2884.0
Kerala,Kollam,2013,2903.2
Kerala,Kollam,2014,2996.0
Kerala,Kollam,2015,3020.9
Kerala,Kollam,2016,2859.9
Kerala,Kollam,2017,2946.2
Kerala,Kollam,2018,2912.7
Kerala,Kollam,2019,2825.7
Kerala,Kollam,2020,2969.7
Kerala,Kollam,2021,2932.3
Kerala,Kollam,2022,3034.0
Kerala,Kollam,2023,2825.3
Assam,Guwahati,2000,2415.2
Assam,Guwahati,2001,2488.4
Assam,Guwahati,2002,2464.9
Assam,Guwahati,2003,2535.6
Assam,Guwahati,2004,2412.4
Assam,Guwahati,2005,2446.5
Assam,Guwahati,2006,2409.0
Assam,Guwahati,2007,2498.8
Assam,Guwahati,2008,2617.8
Assam,Guwahati,2009,2674.2
Assam,Guwahati,2010,2480.6
Assam,Guwahati,2011,2430.3
Assam,Guwahati,2012,2413.1
Assam,Guwahati,2013,2547.1
Assam,Guwahati,2014,2529.3
Assam,Guwahati,2015,2514.4
Assam,Guwahati,2016,2611.4
Assam,Guwahati,2017,2467.4
Assam,Guwahati,2018,2660.0
Assam,Guwahati,2019,2663.5
Assam,Guwahati,2020,2538.3
Assam,Guwahati,2021,2596.2
Assam,Guwahati,2022,2647.2
Assam,Guwahati,2023,2593.6
Assam,Dibrugarh,2000,2566.8
Assam,Dibrugarh,2001,2416.7
Assam,Dibrugarh,2002,2583.3
Assam,Dibrugarh,2003,2523.6
Assam,Dibrugarh,2004,2553.3
Assam,Dibrugarh,2005,2479.3
Assam,Dibrugarh,2006,2465.7
Assam,Dibrugarh,2007,2446.0
Assam,Dibrugarh,2008,2500.2
Assam,Dibrugarh,2009,2532.7
Assam,Dibrugarh,2010,2380.9
Assam,Dibrugarh,2011,2653.5
Assam,Dibrugarh,2012,2571.7
Assam,Dibrugarh,2013,2492.7
Assam,Dibrugarh,2014,2538.8
Assam,Dibrugarh,2015,2516.4
Assam,Dibrugarh,2016,2356.0
Assam,Dibrugarh,2017,2499.8
Assam,Dibrugarh,2018,2502.3
Assam,Dibrugarh,2019,2481.6
Assam,Dibrugarh,2020,2474.2
Assam,Dibrugarh,2021,2611.8
Assam,Dibrugarh,2022,2542.8
Assam,Dibrugarh,2023,2538.1
Assam,Silchar,2000,2537.6
Assam,Silchar,2001,2549.6
Assam,Silchar,2002,2525.9
Assam,Silchar,2003,2506.1
Assam,Silchar,2004,2516.1
Assam,Silchar,2005,2485.1
Assam,Silchar,2006,2601.3
Assam,Silchar,2007,2442.3
Assam,Silchar,2008,2477.1
Assam,Silchar,2009,2473.4
Assam,Silchar,2010,2540.3
Assam,Silchar,2011,2417.5
Assam,Silchar,2012,2554.8
Assam,Silchar,2013,2451.2
Assam,Silchar,2014,2384.5
Assam,Silchar,2015,2484.3
Assam,Silchar,2016,2551.0
Assam,Silchar,2017,2622.1
Assam,Silchar,2018,2532.5
Assam,Silchar,2019,2514.6
Assam,Silchar,2020,2529.1
Assam,Silchar,2021,2505.5
Assam,Silchar,2022,2557.1
Assam,Silchar,2023,2628.3
Assam,Jorhat,2000,2401.5
Assam,Jorhat,2001,2472.7
Assam,Jorhat,2002,2595.5
Assam,Jorhat,2003,2453.0
Assam,Jorhat,2004,2486.8
Assam,Jorhat,2005,2541.9
Assam,Jorhat,2006,2543.2
Assam,Jorhat,2007,2507.8
Assam,Jorhat,2008,2528.1
Assam,Jorhat,2009,2581.4
Assam,Jorhat,2010,2403.5
Assam,Jorhat,2011,2467.5
Assam,Jorhat,2012,2457.1
Assam,Jorhat,2013,2446.7
Assam,Jorhat,2014,2520.4
Assam,Jorhat,2015,2526.8
Assam,Jorhat,2016,2586.1
Assam,Jorhat,2017,2593.4
Assam,Jorhat,2018,2521.8
Assam,Jorhat,2019,2590.0
Assam,Jorhat,2020,2420.1
Assam,Jorhat,2021,2579.4
Assam,Jorhat,2022,2497.0
Assam,Jorhat,2023,2552.8
Assam,Nagaon,2000,2550.3
Assam,Nagaon,2001,2424.0
Assam,Nagaon,2002,2533.7
Assam,Nagaon,2003,2291.1
Assam,Nagaon,2004,2411.8
Assam,Nagaon,2005,2555.4
Assam,Nagaon,2006,2635.1
Assam,Nagaon,2007,2460.9
Assam,Nagaon,2008,2489.7
Assam,Nagaon,2009,2493.2
Assam,Nagaon,2010,2515.1
Assam,Nagaon,2011,2599.6
Assam,Nagaon,2012,2515.1
Assam,Nagaon,2013,2578.7
Assam,Nagaon,2014,2381.4
Assam,Nagaon,2015,2426.3
Assam,Nagaon,2016,2479.2
Assam,Nagaon,2017,2481.8
Assam,Nagaon,2018,2507.5
Assam,Nagaon,2019,2667.7
Assam,Nagaon,2020,2551.4
Assam,Nagaon,2021,2574.0
Assam,Nagaon,2022,2535.3
Assam,Nagaon,2023,2522.0
